Id,IndicatorCode,SpatialDimension,SpatialDimensionValueCode,ParentLocationCode,ParentLocation,TimeDimension,TimeDim,DisaggregatingDimension1,DisaggregatingDimension1ValueCode,DisaggregatingDimension2,DisaggregatingDimension2ValueCode,DisaggregatingDimension3,DisaggregatingDimension3ValueCode,DataSourceDimension,DataSourceDimensionValueCode,Value,NumericValue,Low,High,Comments,Date,TimeDimensionValue,TimeDimensionBegin,TimeDimensionEnd
1450227,MALARIA_PV_INDIG,COUNTRY,AFG,EMR,Eastern Mediterranean,YEAR,2022,,,,,,,,,120 785,120785,,,,2024-12-10T17:44:48Z,2022,2022-01-01,2022-12-31
8610299,MALARIA_PV_INDIG,COUNTRY,LAO,WPR,Western Pacific,YEAR,2023,,,,,,,,,591,591,,,,2024-12-10T17:44:48Z,2023,2023-01-01,2023-12-31
6193337,MALARIA_PV_INDIG,COUNTRY,GTM,AMR,Americas,YEAR,2017,,,,,,,,,4121,4121,,,,2024-12-10T17:44:48Z,2017,2017-01-01,2017-12-31
5380092,MALARIA_PV_INDIG,COUNTRY,DZA,AFR,Africa,YEAR,2018,,,,,,,,,0,0,,,,2024-12-10T17:44:48Z,2018,2018-01-01,2018-12-31
5532845,MALARIA_PV_INDIG,COUNTRY,KHM,WPR,Western Pacific,YEAR,2017,,,,,,,,,15 207,15207,,,,2024-12-10T17:44:48Z,2017,2017-01-01,2017-12-31
3878162,MALARIA_PV_INDIG,COUNTRY,SUR,AMR,Americas,YEAR,2016,,,,,,,,,69,69,,,,2024-12-10T17:44:48Z,2016,2016-01-01,2016-12-31
3524452,MALARIA_PV_INDIG,COUNTRY,DZA,AFR,Africa,YEAR,2022,,,,,,,,,0,0,,,,2024-12-10T17:44:48Z,2022,2022-01-01,2022-12-31
3591249,MALARIA_PV_INDIG,COUNTRY,PAK,EMR,Eastern Mediterranean,YEAR,2023,,,,,,,,,1 761 637,1761637,,,,2024-12-10T17:44:48Z,2023,2023-01-01,2023-12-31
5779735,MALARIA_PV_INDIG,COUNTRY,TLS,SEAR,South-East Asia,YEAR,2015,,,,,,,,,24,24,,,,2024-12-10T17:44:48Z,2015,2015-01-01,2015-12-31
7764299,MALARIA_PV_INDIG,COUNTRY,GUF,AMR,Americas,YEAR,2022,,,,,,,,,9,9,,,,2024-12-10T17:44:48Z,2022,2022-01-01,2022-12-31
3017300,MALARIA_PV_INDIG,COUNTRY,BOL,AMR,Americas,YEAR,2023,,,,,,,,,9151,9151,,,,2024-12-10T17:44:48Z,2023,2023-01-01,2023-12-31
4840249,MALARIA_PV_INDIG,COUNTRY,UZB,EUR,Europe,YEAR,2015,,,,,,,,,0,0,,,,2024-12-10T17:44:48Z,2015,2015-01-01,2015-12-31
6800147,MALARIA_PV_INDIG,COUNTRY,NPL,SEAR,South-East Asia,YEAR,2016,,,,,,,,,433,433,,,,2024-12-10T17:44:48Z,2016,2016-01-01,2016-12-31
1076640,MALARIA_PV_INDIG,COUNTRY,ERI,AFR,Africa,YEAR,2018,,,,,,,,,6108,6108,,,,2024-12-10T17:44:48Z,2018,2018-01-01,2018-12-31
6340018,MALARIA_PV_INDIG,COUNTRY,BGD,SEAR,South-East Asia,YEAR,2018,,,,,,,,,1672,1672,,,,2024-12-10T17:44:48Z,2018,2018-01-01,2018-12-31
8895353,MALARIA_PV_INDIG,REGION,AFR,,,YEAR,2016,,,,,,,,,579 268,579268,,,,2024-12-10T17:44:48Z,2016,2016-01-01,2016-12-31
7245175,MALARIA_PV_INDIG,COUNTRY,MYS,WPR,Western Pacific,YEAR,2023,,,,,,,,,0,0,,,,2024-12-10T17:44:48Z,2023,2023-01-01,2023-12-31
2510126,MALARIA_PV_INDIG,REGION,EUR,,,YEAR,2015,,,,,,,,,0,0,,,,2024-12-10T17:44:48Z,2015,2015-01-01,2015-12-31
9408857,MALARIA_PV_INDIG,COUNTRY,ERI,AFR,Africa,YEAR,2022,,,,,,,,,8506,8506,,,,2024-12-10T17:44:48Z,2022,2022-01-01,2022-12-31
7411864,MALARIA_PV_INDIG,COUNTRY,BGD,SEAR,South-East Asia,YEAR,2017,,,,,,,,,4442,4442,,,,2024-12-10T17:44:48Z,2017,2017-01-01,2017-12-31
5779807,MALARIA_PV_INDIG,COUNTRY,NIC,AMR,Americas,YEAR,2021,,,,,,,,,12 364,12364,,,,2024-12-10T17:44:48Z,2021,2021-01-01,2021-12-31
9295216,MALARIA_PV_INDIG,REGION,EMR,,,YEAR,2017,,,,,,,,,521 525,521525,,,,2024-12-10T17:44:48Z,2017,2017-01-01,2017-12-31
7485478,MALARIA_PV_INDIG,COUNTRY,BOL,AMR,Americas,YEAR,2022,,,,,,,,,9787,9787,,,,2024-12-10T17:44:48Z,2022,2022-01-01,2022-12-31
6920144,MALARIA_PV_INDIG,COUNTRY,KGZ,EUR,Europe,YEAR,2017,,,,,,,,,0,0,,,,2024-12-10T17:44:48Z,2017,2017-01-01,2017-12-31
7265270,MALARIA_PV_INDIG,COUNTRY,BOL,AMR,Americas,YEAR,2021,,,,,,,,,9714,9714,,,,2024-12-10T17:44:48Z,2021,2021-01-01,2021-12-31
7670791,MALARIA_PV_INDIG,COUNTRY,SSD,AFR,Africa,YEAR,2020,,,,,,,,,2205,2205,,,,2024-12-10T17:44:48Z,2020,2020-01-01,2020-12-31
2376874,MALARIA_PV_INDIG,COUNTRY,DZA,AFR,Africa,YEAR,2016,,,,,,,,,0,0,,,,2024-12-10T17:44:48Z,2016,2016-01-01,2016-12-31
3631507,MALARIA_PV_INDIG,COUNTRY,SLV,AMR,Americas,YEAR,2022,,,,,,,,,0,0,,,,2024-12-10T17:44:48Z,2022,2022-01-01,2022-12-31
363978,MALARIA_PV_INDIG,COUNTRY,BWA,AFR,Africa,YEAR,2017,,,,,,,,,4,4,,,,2024-12-10T17:44:48Z,2017,2017-01-01,2017-12-31
5519737,MALARIA_PV_INDIG,REGION,SEAR,,,YEAR,2021,,,,,,,,,245 056,245056,,,,2024-12-10T17:44:48Z,2021,2021-01-01,2021-12-31
3658238,MALARIA_PV_INDIG,COUNTRY,COL,AMR,Americas,YEAR,2018,,,,,,,,,30 063,30063,,,,2024-12-10T17:44:48Z,2018,2018-01-01,2018-12-31
2623720,MALARIA_PV_INDIG,COUNTRY,CHN,WPR,Western Pacific,YEAR,2015,,,,,,,,,26,26,,,,2024-12-10T17:44:48Z,2015,2015-01-01,2015-12-31
810310,MALARIA_PV_INDIG,COUNTRY,ARG,AMR,Americas,YEAR,2022,,,,,,,,,0,0,,,,2024-12-10T17:44:48Z,2022,2022-01-01,2022-12-31
837024,MALARIA_PV_INDIG,COUNTRY,AFG,EMR,Eastern Mediterranean,YEAR,2018,,,,,,,,,166 583,166583,,,,2024-12-10T17:44:48Z,2018,2018-01-01,2018-12-31
3952058,MALARIA_PV_INDIG,COUNTRY,VUT,WPR,Western Pacific,YEAR,2021,,,,,,,,,312,312,,,,2024-12-10T17:44:48Z,2021,2021-01-01,2021-12-31
7518587,MALARIA_PV_INDIG,COUNTRY,ARM,EUR,Europe,YEAR,2022,,,,,,,,,0,0,,,,2024-12-10T17:44:48Z,2022,2022-01-01,2022-12-31
5513181,MALARIA_PV_INDIG,COUNTRY,TJK,EUR,Europe,YEAR,2021,,,,,,,,,0,0,,,,2024-12-10T17:44:48Z,2021,2021-01-01,2021-12-31
9409118,MALARIA_PV_INDIG,COUNTRY,AZE,EUR,Europe,YEAR,2015,,,,,,,,,0,0,,,,2024-12-10T17:44:48Z,2015,2015-01-01,2015-12-31
7864770,MALARIA_PV_INDIG,COUNTRY,PHL,WPR,Western Pacific,YEAR,2023,,,,,,,,,916,916,,,,2024-12-10T17:44:48Z,2023,2023-01-01,2023-12-31
6660245,MALARIA_PV_INDIG,COUNTRY,ARG,AMR,Americas,YEAR,2018,,,,,,,,,0,0,,,,2024-12-10T17:44:48Z,2018,2018-01-01,2018-12-31
676920,MALARIA_PV_INDIG,COUNTRY,PNG,WPR,Western Pacific,YEAR,2022,,,,,,,,,211 111,211111,,,,2024-12-10T17:44:48Z,2022,2022-01-01,2022-12-31
710303,MALARIA_PV_INDIG,COUNTRY,GUY,AMR,Americas,YEAR,2020,,,,,,,,,10 889,10889,,,,2024-12-10T17:44:48Z,2020,2020-01-01,2020-12-31
4527190,MALARIA_PV_INDIG,COUNTRY,SUR,AMR,Americas,YEAR,2022,,,,,,,,,0,0,,,,2024-12-10T17:44:48Z,2022,2022-01-01,2022-12-31
5367316,MALARIA_PV_INDIG,COUNTRY,KHM,WPR,Western Pacific,YEAR,2022,,,,,,,,,3577,3577,,,,2024-12-10T17:44:48Z,2022,2022-01-01,2022-12-31
4258031,MALARIA_PV_INDIG,COUNTRY,DJI,EMR,Eastern Mediterranean,YEAR,2017,,,,,,,,,5381,5381,,,,2024-12-10T17:44:48Z,2017,2017-01-01,2017-12-31
6026927,MALARIA_PV_INDIG,COUNTRY,GUY,AMR,Americas,YEAR,2018,,,,,,,,,9854,9854,,,,2024-12-10T17:44:48Z,2018,2018-01-01,2018-12-31
2684349,MALARIA_PV_INDIG,REGION,AMR,,,YEAR,2021,,,,,,,,,334 713,334713,,,,2024-12-10T17:44:48Z,2021,2021-01-01,2021-12-31
7238885,MALARIA_PV_INDIG,COUNTRY,KOR,WPR,Western Pacific,YEAR,2015,,,,,,,,,627,627,,,,2024-12-10T17:44:48Z,2015,2015-01-01,2015-12-31
2550630,MALARIA_PV_INDIG,COUNTRY,KOR,WPR,Western Pacific,YEAR,2021,,,,,,,,,274,274,,,,2024-12-10T17:44:48Z,2021,2021-01-01,2021-12-31
663670,MALARIA_PV_INDIG,COUNTRY,SLB,WPR,Western Pacific,YEAR,2017,,,,,,,,,30 169,30169,,,,2024-12-10T17:44:48Z,2017,2017-01-01,2017-12-31
7751399,MALARIA_PV_INDIG,COUNTRY,AZE,EUR,Europe,YEAR,2019,,,,,,,,,0,0,,,,2024-12-10T17:44:48Z,2019,2019-01-01,2019-12-31
6680392,MALARIA_PV_INDIG,COUNTRY,PAN,AMR,Americas,YEAR,2017,,,,,,,,,648,648,,,,2024-12-10T17:44:48Z,2017,2017-01-01,2017-12-31
8390814,MALARIA_PV_INDIG,COUNTRY,COL,AMR,Americas,YEAR,2021,,,,,,,,,35 992,35992,,,,2024-12-10T17:44:48Z,2021,2021-01-01,2021-12-31
3725375,MALARIA_PV_INDIG,COUNTRY,AFG,EMR,Eastern Mediterranean,YEAR,2021,,,,,,,,,82 094,82094,,,,2024-12-10T17:44:48Z,2021,2021-01-01,2021-12-31
5393800,MALARIA_PV_INDIG,COUNTRY,PRK,SEAR,South-East Asia,YEAR,2023,,,,,,,,,3160,3160,,,,2024-12-10T17:44:48Z,2023,2023-01-01,2023-12-31
8915781,MALARIA_PV_INDIG,COUNTRY,SDN,EMR,Eastern Mediterranean,YEAR,2016,,,,,,,,,82 175,82175,,,,2024-12-10T17:44:48Z,2016,2016-01-01,2016-12-31
8430984,MALARIA_PV_INDIG,COUNTRY,NIC,AMR,Americas,YEAR,2015,,,,,,,,,1937,1937,,,,2024-12-10T17:44:48Z,2015,2015-01-01,2015-12-31
5201080,MALARIA_PV_INDIG,COUNTRY,PRY,AMR,Americas,YEAR,2019,,,,,,,,,0,0,,,,2024-12-10T17:44:48Z,2019,2019-01-01,2019-12-31
6986887,MALARIA_PV_INDIG,COUNTRY,GEO,EUR,Europe,YEAR,2020,,,,,,,,,0,0,,,,2024-12-10T17:44:48Z,2020,2020-01-01,2020-12-31
1911227,MALARIA_PV_INDIG,COUNTRY,IDN,SEAR,South-East Asia,YEAR,2021,,,,,,,,,114 301,114301,,,,2024-12-10T17:44:48Z,2021,2021-01-01,2021-12-31
4118504,MALARIA_PV_INDIG,COUNTRY,CRI,AMR,Americas,YEAR,2023,,,,,,,,,34,34,,,,2024-12-10T17:44:48Z,2023,2023-01-01,2023-12-31
6013713,MALARIA_PV_INDIG,COUNTRY,MYS,WPR,Western Pacific,YEAR,2019,,,,,,,,,0,0,,,,2024-12-10T17:44:48Z,2019,2019-01-01,2019-12-31
8250913,MALARIA_PV_INDIG,COUNTRY,BGD,SEAR,South-East Asia,YEAR,2021,,,,,,,,,1953,1953,,,,2024-12-10T17:44:48Z,2021,2021-01-01,2021-12-31
2530688,MALARIA_PV_INDIG,COUNTRY,LKA,SEAR,South-East Asia,YEAR,2021,,,,,,,,,0,0,,,,2024-12-10T17:44:48Z,2021,2021-01-01,2021-12-31
2604300,MALARIA_PV_INDIG,COUNTRY,GUF,AMR,Americas,YEAR,2018,,,,,,,,,496,496,,,,2024-12-10T17:44:48Z,2018,2018-01-01,2018-12-31
7352320,MALARIA_PV_INDIG,COUNTRY,BOL,AMR,Americas,YEAR,2019,,,,,,,,,9299,9299,,,,2024-12-10T17:44:48Z,2019,2019-01-01,2019-12-31
6713965,MALARIA_PV_INDIG,COUNTRY,TJK,EUR,Europe,YEAR,2017,,,,,,,,,0,0,,,,2024-12-10T17:44:48Z,2017,2017-01-01,2017-12-31
4874241,MALARIA_PV_INDIG,COUNTRY,PHL,WPR,Western Pacific,YEAR,2020,,,,,,,,,736,736,,,,2024-12-10T17:44:48Z,2020,2020-01-01,2020-12-31
5074283,MALARIA_PV_INDIG,COUNTRY,COL,AMR,Americas,YEAR,2016,,,,,,,,,32 635,32635,,,,2024-12-10T17:44:48Z,2016,2016-01-01,2016-12-31
8795978,MALARIA_PV_INDIG,COUNTRY,PAK,EMR,Eastern Mediterranean,YEAR,2019,,,,,,,,,323 355,323355,,,,2024-12-10T17:44:48Z,2019,2019-01-01,2019-12-31
4341187,MALARIA_PV_INDIG,COUNTRY,HND,AMR,Americas,YEAR,2021,,,,,,,,,875,875,,,,2024-12-10T17:44:48Z,2021,2021-01-01,2021-12-31
1537876,MALARIA_PV_INDIG,COUNTRY,KGZ,EUR,Europe,YEAR,2019,,,,,,,,,0,0,,,,2024-12-10T17:44:48Z,2019,2019-01-01,2019-12-31
1698032,MALARIA_PV_INDIG,COUNTRY,NIC,AMR,Americas,YEAR,2019,,,,,,,,,10 678,10678,,,,2024-12-10T17:44:48Z,2019,2019-01-01,2019-12-31
331354,MALARIA_PV_INDIG,COUNTRY,PAN,AMR,Americas,YEAR,2021,,,,,,,,,4115,4115,,,,2024-12-10T17:44:48Z,2021,2021-01-01,2021-12-31
5900684,MALARIA_PV_INDIG,COUNTRY,GUY,AMR,Americas,YEAR,2022,,,,,,,,,13 067,13067,,,,2024-12-10T17:44:48Z,2022,2022-01-01,2022-12-31
1037656,MALARIA_PV_INDIG,COUNTRY,BGD,SEAR,South-East Asia,YEAR,2019,,,,,,,,,2126,2126,,,,2024-12-10T17:44:48Z,2019,2019-01-01,2019-12-31
1497798,MALARIA_PV_INDIG,REGION,AFR,,,YEAR,2015,,,,,,,,,683 217,683217,,,,2024-12-10T17:44:48Z,2015,2015-01-01,2015-12-31
286016,MALARIA_PV_INDIG,COUNTRY,MYS,WPR,Western Pacific,YEAR,2016,,,,,,,,,178,178,,,,2024-12-10T17:44:48Z,2016,2016-01-01,2016-12-31
5487006,MALARIA_PV_INDIG,COUNTRY,BRA,AMR,Americas,YEAR,2017,,,,,,,,,169 887,169887,,,,2024-12-10T17:44:48Z,2017,2017-01-01,2017-12-31
1404655,MALARIA_PV_INDIG,COUNTRY,KOR,WPR,Western Pacific,YEAR,2023,,,,,,,,,644,644,,,,2024-12-10T17:44:48Z,2023,2023-01-01,2023-12-31
2457669,MALARIA_PV_INDIG,COUNTRY,SLB,WPR,Western Pacific,YEAR,2019,,,,,,,,,47 164,47164,,,,2024-12-10T17:44:48Z,2019,2019-01-01,2019-12-31
6614119,MALARIA_PV_INDIG,COUNTRY,LAO,WPR,Western Pacific,YEAR,2022,,,,,,,,,1780,1780,,,,2024-12-10T17:44:48Z,2022,2022-01-01,2022-12-31
5101313,MALARIA_PV_INDIG,COUNTRY,SDN,EMR,Eastern Mediterranean,YEAR,2017,,,,,,,,,58 335,58335,,,,2024-12-10T17:44:48Z,2017,2017-01-01,2017-12-31
8631063,MALARIA_PV_INDIG,COUNTRY,TJK,EUR,Europe,YEAR,2018,,,,,,,,,0,0,,,,2024-12-10T17:44:48Z,2018,2018-01-01,2018-12-31
5833997,MALARIA_PV_INDIG,COUNTRY,IND,SEAR,South-East Asia,YEAR,2022,,,,,,,,,75 452,75452,,,,2024-12-10T17:44:48Z,2022,2022-01-01,2022-12-31
6847550,MALARIA_PV_INDIG,COUNTRY,LKA,SEAR,South-East Asia,YEAR,2019,,,,,,,,,0,0,,,,2024-12-10T17:44:48Z,2019,2019-01-01,2019-12-31
7199406,MALARIA_PV_INDIG,COUNTRY,PRY,AMR,Americas,YEAR,2020,,,,,,,,,0,0,,,,2024-12-10T17:44:48Z,2020,2020-01-01,2020-12-31
8889509,MALARIA_PV_INDIG,COUNTRY,NIC,AMR,Americas,YEAR,2017,,,,,,,,,9080,9080,,,,2024-12-10T17:44:48Z,2017,2017-01-01,2017-12-31
7845410,MALARIA_PV_INDIG,REGION,AFR,,,YEAR,2019,,,,,,,,,182 148,182148,,,,2024-12-10T17:44:48Z,2019,2019-01-01,2019-12-31
6274163,MALARIA_PV_INDIG,COUNTRY,PAK,EMR,Eastern Mediterranean,YEAR,2020,,,,,,,,,293 077,293077,,,,2024-12-10T17:44:48Z,2020,2020-01-01,2020-12-31
6400939,MALARIA_PV_INDIG,COUNTRY,SUR,AMR,Americas,YEAR,2019,,,,,,,,,104,104,,,,2024-12-10T17:44:48Z,2019,2019-01-01,2019-12-31
8224573,MALARIA_PV_INDIG,COUNTRY,LAO,WPR,Western Pacific,YEAR,2018,,,,,,,,,4099,4099,,,,2024-12-10T17:44:48Z,2018,2018-01-01,2018-12-31
8604645,MALARIA_PV_INDIG,COUNTRY,UZB,EUR,Europe,YEAR,2019,,,,,,,,,0,0,,,,2024-12-10T17:44:48Z,2019,2019-01-01,2019-12-31
1965051,MALARIA_PV_INDIG,COUNTRY,IRN,EMR,Eastern Mediterranean,YEAR,2020,,,,,,,,,0,0,,,,2024-12-10T17:44:48Z,2020,2020-01-01,2020-12-31
7326188,MALARIA_PV_INDIG,COUNTRY,MMR,SEAR,South-East Asia,YEAR,2016,,,,,,,,,43 748,43748,,,,2024-12-10T17:44:48Z,2016,2016-01-01,2016-12-31
6300896,MALARIA_PV_INDIG,COUNTRY,KHM,WPR,Western Pacific,YEAR,2023,,,,,,,,,1307,1307,,,,2024-12-10T17:44:48Z,2023,2023-01-01,2023-12-31
7299521,MALARIA_PV_INDIG,COUNTRY,BRA,AMR,Americas,YEAR,2022,,,,,,,,,108 626,108626,,,,2024-12-10T17:44:48Z,2022,2022-01-01,2022-12-31
3205233,MALARIA_PV_INDIG,REGION,WPR,,,YEAR,2016,,,,,,,,,152 674,152674,,,,2024-12-10T17:44:48Z,2016,2016-01-01,2016-12-31
831098,MALARIA_PV_INDIG,COUNTRY,MMR,SEAR,South-East Asia,YEAR,2021,,,,,,,,,63 909,63909,,,,2024-12-10T17:44:48Z,2021,2021-01-01,2021-12-31
2658253,MALARIA_PV_INDIG,COUNTRY,PRK,SEAR,South-East Asia,YEAR,2018,,,,,,,,,3698,3698,,,,2024-12-10T17:44:48Z,2018,2018-01-01,2018-12-31
6807836,MALARIA_PV_INDIG,COUNTRY,COL,AMR,Americas,YEAR,2020,,,,,,,,,39 687,39687,,,,2024-12-10T17:44:48Z,2020,2020-01-01,2020-12-31
491759,MALARIA_PV_INDIG,COUNTRY,BTN,SEAR,South-East Asia,YEAR,2015,,,,,,,,,21,21,,,,2024-12-10T17:44:48Z,2015,2015-01-01,2015-12-31
2698360,MALARIA_PV_INDIG,COUNTRY,MMR,SEAR,South-East Asia,YEAR,2022,,,,,,,,,127 797,127797,,,,2024-12-10T17:44:48Z,2022,2022-01-01,2022-12-31
6821213,MALARIA_PV_INDIG,COUNTRY,GUF,AMR,Americas,YEAR,2021,,,,,,,,,72,72,,,,2024-12-10T17:44:48Z,2021,2021-01-01,2021-12-31
3558923,MALARIA_PV_INDIG,COUNTRY,PHL,WPR,Western Pacific,YEAR,2015,,,,,,,,,755,755,,,,2024-12-10T17:44:48Z,2015,2015-01-01,2015-12-31
6974073,MALARIA_PV_INDIG,COUNTRY,BGD,SEAR,South-East Asia,YEAR,2020,,,,,,,,,1245,1245,,,,2024-12-10T17:44:48Z,2020,2020-01-01,2020-12-31
2104873,MALARIA_PV_INDIG,COUNTRY,PRK,SEAR,South-East Asia,YEAR,2017,,,,,,,,,4603,4603,,,,2024-12-10T17:44:48Z,2017,2017-01-01,2017-12-31
1771611,MALARIA_PV_INDIG,COUNTRY,VUT,WPR,Western Pacific,YEAR,2018,,,,,,,,,590,590,,,,2024-12-10T17:44:48Z,2018,2018-01-01,2018-12-31
1064338,MALARIA_PV_INDIG,COUNTRY,AZE,EUR,Europe,YEAR,2021,,,,,,,,,0,0,,,,2024-12-10T17:44:48Z,2021,2021-01-01,2021-12-31
7346403,MALARIA_PV_INDIG,COUNTRY,TLS,SEAR,South-East Asia,YEAR,2018,,,,,,,,,0,0,,,,2024-12-10T17:44:48Z,2018,2018-01-01,2018-12-31
2431330,MALARIA_PV_INDIG,COUNTRY,COL,AMR,Americas,YEAR,2022,,,,,,,,,44 216,44216,,,,2024-12-10T17:44:48Z,2022,2022-01-01,2022-12-31
8038387,MALARIA_PV_INDIG,COUNTRY,CPV,AFR,Africa,YEAR,2021,,,,,,,,,0,0,,,,2024-12-10T17:44:48Z,2021,2021-01-01,2021-12-31
6674414,MALARIA_PV_INDIG,COUNTRY,BTN,SEAR,South-East Asia,YEAR,2018,,,,,,,,,5,5,,,,2024-12-10T17:44:48Z,2018,2018-01-01,2018-12-31
3498838,MALARIA_PV_INDIG,COUNTRY,MEX,AMR,Americas,YEAR,2016,,,,,,,,,551,551,,,,2024-12-10T17:44:48Z,2016,2016-01-01,2016-12-31
4375076,MALARIA_PV_INDIG,COUNTRY,TUR,EUR,Europe,YEAR,2018,,,,,,,,,0,0,,,,2024-12-10T17:44:48Z,2018,2018-01-01,2018-12-31
8624743,MALARIA_PV_INDIG,REGION,SEAR,,,YEAR,2017,,,,,,,,,457 240,457240,,,,2024-12-10T17:44:48Z,2017,2017-01-01,2017-12-31
266790,MALARIA_PV_INDIG,COUNTRY,MYS,WPR,Western Pacific,YEAR,2015,,,,,,,,,84,84,,,,2024-12-10T17:44:48Z,2015,2015-01-01,2015-12-31
5613962,MALARIA_PV_INDIG,COUNTRY,TZA,AFR,Africa,YEAR,2019,,,,,,,,,12,12,,,,2024-12-10T17:44:48Z,2019,2019-01-01,2019-12-31
7386329,MALARIA_PV_INDIG,COUNTRY,ECU,AMR,Americas,YEAR,2019,,,,,,,,,1592,1592,,,,2024-12-10T17:44:48Z,2019,2019-01-01,2019-12-31
4106000,MALARIA_PV_INDIG,COUNTRY,ARM,EUR,Europe,YEAR,2018,,,,,,,,,0,0,,,,2024-12-10T17:44:48Z,2018,2018-01-01,2018-12-31
9549734,MALARIA_PV_INDIG,COUNTRY,LKA,SEAR,South-East Asia,YEAR,2017,,,,,,,,,0,0,,,,2024-12-10T17:44:48Z,2017,2017-01-01,2017-12-31
20561,MALARIA_PV_INDIG,COUNTRY,ERI,AFR,Africa,YEAR,2019,,,,,,,,,15 790,15790,,,,2024-12-10T17:44:48Z,2019,2019-01-01,2019-12-31
8883165,MALARIA_PV_INDIG,COUNTRY,SLV,AMR,Americas,YEAR,2019,,,,,,,,,0,0,,,,2024-12-10T17:44:48Z,2019,2019-01-01,2019-12-31
9069511,MALARIA_PV_INDIG,REGION,WPR,,,YEAR,2015,,,,,,,,,114 860,114860,,,,2024-12-10T17:44:48Z,2015,2015-01-01,2015-12-31
6101387,MALARIA_PV_INDIG,COUNTRY,ECU,AMR,Americas,YEAR,2017,,,,,,,,,963,963,,,,2024-12-10T17:44:48Z,2017,2017-01-01,2017-12-31
6847934,MALARIA_PV_INDIG,COUNTRY,COL,AMR,Americas,YEAR,2017,,,,,,,,,22 132,22132,,,,2024-12-10T17:44:48Z,2017,2017-01-01,2017-12-31
1245028,MALARIA_PV_INDIG,COUNTRY,AZE,EUR,Europe,YEAR,2022,,,,,,,,,0,0,,,,2024-12-10T17:44:48Z,2022,2022-01-01,2022-12-31
3192175,MALARIA_PV_INDIG,COUNTRY,MYS,WPR,Western Pacific,YEAR,2021,,,,,,,,,0,0,,,,2024-12-10T17:44:48Z,2021,2021-01-01,2021-12-31
677890,MALARIA_PV_INDIG,REGION,SEAR,,,YEAR,2018,,,,,,,,,353 432,353432,,,,2024-12-10T17:44:48Z,2018,2018-01-01,2018-12-31
5028267,MALARIA_PV_INDIG,COUNTRY,ERI,AFR,Africa,YEAR,2017,,,,,,,,,9185,9185,,,,2024-12-10T17:44:48Z,2017,2017-01-01,2017-12-31
4968308,MALARIA_PV_INDIG,REGION,AFR,,,YEAR,2018,,,,,,,,,108 520,108520,,,,2024-12-10T17:44:48Z,2018,2018-01-01,2018-12-31
8558314,MALARIA_PV_INDIG,COUNTRY,AZE,EUR,Europe,YEAR,2020,,,,,,,,,0,0,,,,2024-12-10T17:44:48Z,2020,2020-01-01,2020-12-31
7014197,MALARIA_PV_INDIG,COUNTRY,SAU,EMR,Eastern Mediterranean,YEAR,2018,,,,,,,,,4,4,,,,2024-12-10T17:44:48Z,2018,2018-01-01,2018-12-31
325242,MALARIA_PV_INDIG,GLOBAL,GLOBAL,,,YEAR,2020,,,,,,,,,1 669 327,1669327,,,,2024-12-10T17:44:48Z,2020,2020-01-01,2020-12-31
1371927,MALARIA_PV_INDIG,REGION,WPR,,,YEAR,2021,,,,,,,,,238 135,238135,,,,2024-12-10T17:44:48Z,2021,2021-01-01,2021-12-31
2125215,MALARIA_PV_INDIG,REGION,EMR,,,YEAR,2018,,,,,,,,,634 632,634632,,,,2024-12-10T17:44:48Z,2018,2018-01-01,2018-12-31
7473454,MALARIA_PV_INDIG,COUNTRY,DZA,AFR,Africa,YEAR,2020,,,,,,,,,0,0,,,,2024-12-10T17:44:48Z,2020,2020-01-01,2020-12-31
698042,MALARIA_PV_INDIG,COUNTRY,VEN,AMR,Americas,YEAR,2017,,,,,,,,,316 401,316401,,,,2024-12-10T17:44:48Z,2017,2017-01-01,2017-12-31
9689902,MALARIA_PV_INDIG,COUNTRY,THA,SEAR,South-East Asia,YEAR,2017,,,,,,,,,4802,4802,,,,2024-12-10T17:44:48Z,2017,2017-01-01,2017-12-31
2978608,MALARIA_PV_INDIG,COUNTRY,PAK,EMR,Eastern Mediterranean,YEAR,2018,,,,,,,,,314 572,314572,,,,2024-12-10T17:44:48Z,2018,2018-01-01,2018-12-31
5108549,MALARIA_PV_INDIG,COUNTRY,NIC,AMR,Americas,YEAR,2020,,,,,,,,,13 421,13421,,,,2024-12-10T17:44:48Z,2020,2020-01-01,2020-12-31
9009504,MALARIA_PV_INDIG,COUNTRY,PAK,EMR,Eastern Mediterranean,YEAR,2015,,,,,,,,,167 460,167460,,,,2024-12-10T17:44:48Z,2015,2015-01-01,2015-12-31
9076320,MALARIA_PV_INDIG,COUNTRY,NIC,AMR,Americas,YEAR,2023,,,,,,,,,5540,5540,,,,2024-12-10T17:44:48Z,2023,2023-01-01,2023-12-31
9376832,MALARIA_PV_INDIG,COUNTRY,PRY,AMR,Americas,YEAR,2022,,,,,,,,,0,0,,,,2024-12-10T17:44:48Z,2022,2022-01-01,2022-12-31
4535006,MALARIA_PV_INDIG,COUNTRY,SUR,AMR,Americas,YEAR,2018,,,,,,,,,12,12,,,,2024-12-10T17:44:48Z,2018,2018-01-01,2018-12-31
3032103,MALARIA_PV_INDIG,REGION,AMR,,,YEAR,2016,,,,,,,,,390 166,390166,,,,2024-12-10T17:44:48Z,2016,2016-01-01,2016-12-31
4975064,MALARIA_PV_INDIG,COUNTRY,DJI,EMR,Eastern Mediterranean,YEAR,2020,,,,,,,,,26 998,26998,,,,2024-12-10T17:44:48Z,2020,2020-01-01,2020-12-31
3672821,MALARIA_PV_INDIG,COUNTRY,PER,AMR,Americas,YEAR,2015,,,,,,,,,49 287,49287,,,,2024-12-10T17:44:48Z,2015,2015-01-01,2015-12-31
5687790,MALARIA_PV_INDIG,COUNTRY,BTN,SEAR,South-East Asia,YEAR,2016,,,,,,,,,13,13,,,,2024-12-10T17:44:48Z,2016,2016-01-01,2016-12-31
5221596,MALARIA_PV_INDIG,COUNTRY,IND,SEAR,South-East Asia,YEAR,2018,,,,,,,,,222 730,222730,,,,2024-12-10T17:44:48Z,2018,2018-01-01,2018-12-31
438759,MALARIA_PV_INDIG,COUNTRY,TUR,EUR,Europe,YEAR,2015,,,,,,,,,0,0,,,,2024-12-10T17:44:48Z,2015,2015-01-01,2015-12-31
9309974,MALARIA_PV_INDIG,COUNTRY,ETH,AFR,Africa,YEAR,2022,,,,,,,,,388 416,388416,,,,2024-12-10T17:44:48Z,2022,2022-01-01,2022-12-31
6221658,MALARIA_PV_INDIG,COUNTRY,TLS,SEAR,South-East Asia,YEAR,2020,,,,,,,,,0,0,,,,2024-12-10T17:44:48Z,2020,2020-01-01,2020-12-31
4192536,MALARIA_PV_INDIG,COUNTRY,NPL,SEAR,South-East Asia,YEAR,2020,,,,,,,,,68,68,,,,2024-12-10T17:44:48Z,2020,2020-01-01,2020-12-31
2558393,MALARIA_PV_INDIG,COUNTRY,IDN,SEAR,South-East Asia,YEAR,2017,,,,,,,,,95 694,95694,,,,2024-12-10T17:44:48Z,2017,2017-01-01,2017-12-31
4788445,MALARIA_PV_INDIG,COUNTRY,SLB,WPR,Western Pacific,YEAR,2021,,,,,,,,,57 095,57095,,,,2024-12-10T17:44:48Z,2021,2021-01-01,2021-12-31
3092306,MALARIA_PV_INDIG,COUNTRY,PNG,WPR,Western Pacific,YEAR,2021,,,,,,,,,172 964,172964,,,,2024-12-10T17:44:48Z,2021,2021-01-01,2021-12-31
4106349,MALARIA_PV_INDIG,COUNTRY,BLZ,AMR,Americas,YEAR,2021,,,,,,,,,0,0,,,,2024-12-10T17:44:48Z,2021,2021-01-01,2021-12-31
878399,MALARIA_PV_INDIG,COUNTRY,TUR,EUR,Europe,YEAR,2019,,,,,,,,,0,0,,,,2024-12-10T17:44:48Z,2019,2019-01-01,2019-12-31
8231871,MALARIA_PV_INDIG,COUNTRY,SAU,EMR,Eastern Mediterranean,YEAR,2016,,,,,,,,,2,2,,,,2024-12-10T17:44:48Z,2016,2016-01-01,2016-12-31
512145,MALARIA_PV_INDIG,COUNTRY,PHL,WPR,Western Pacific,YEAR,2017,,,,,,,,,551,551,,,,2024-12-10T17:44:48Z,2017,2017-01-01,2017-12-31
6168349,MALARIA_PV_INDIG,COUNTRY,PAN,AMR,Americas,YEAR,2019,,,,,,,,,1744,1744,,,,2024-12-10T17:44:48Z,2019,2019-01-01,2019-12-31
3305918,MALARIA_PV_INDIG,COUNTRY,BRA,AMR,Americas,YEAR,2015,,,,,,,,,122 746,122746,,,,2024-12-10T17:44:48Z,2015,2015-01-01,2015-12-31
885158,MALARIA_PV_INDIG,COUNTRY,VEN,AMR,Americas,YEAR,2021,,,,,,,,,143 287,143287,,,,2024-12-10T17:44:48Z,2021,2021-01-01,2021-12-31
4548306,MALARIA_PV_INDIG,COUNTRY,MYS,WPR,Western Pacific,YEAR,2017,,,,,,,,,59,59,,,,2024-12-10T17:44:48Z,2017,2017-01-01,2017-12-31
1645656,MALARIA_PV_INDIG,COUNTRY,PER,AMR,Americas,YEAR,2018,,,,,,,,,36 005,36005,,,,2024-12-10T17:44:48Z,2018,2018-01-01,2018-12-31
3399154,MALARIA_PV_INDIG,COUNTRY,GTM,AMR,Americas,YEAR,2020,,,,,,,,,1058,1058,,,,2024-12-10T17:44:48Z,2020,2020-01-01,2020-12-31
5135509,MALARIA_PV_INDIG,COUNTRY,GEO,EUR,Europe,YEAR,2015,,,,,,,,,0,0,,,,2024-12-10T17:44:48Z,2015,2015-01-01,2015-12-31
9610059,MALARIA_PV_INDIG,COUNTRY,DJI,EMR,Eastern Mediterranean,YEAR,2018,,,,,,,,,9189,9189,,,,2024-12-10T17:44:48Z,2018,2018-01-01,2018-12-31
41018,MALARIA_PV_INDIG,COUNTRY,PNG,WPR,Western Pacific,YEAR,2017,,,,,,,,,113 561,113561,,,,2024-12-10T17:44:48Z,2017,2017-01-01,2017-12-31
5841522,MALARIA_PV_INDIG,COUNTRY,TZA,AFR,Africa,YEAR,2020,,,,,,,,,0,0,,,,2024-12-10T17:44:48Z,2020,2020-01-01,2020-12-31
3105826,MALARIA_PV_INDIG,REGION,EUR,,,YEAR,2016,,,,,,,,,0,0,,,,2024-12-10T17:44:48Z,2016,2016-01-01,2016-12-31
5202222,MALARIA_PV_INDIG,COUNTRY,PRK,SEAR,South-East Asia,YEAR,2016,,,,,,,,,5033,5033,,,,2024-12-10T17:44:48Z,2016,2016-01-01,2016-12-31
2612093,MALARIA_PV_INDIG,COUNTRY,CRI,AMR,Americas,YEAR,2020,,,,,,,,,88,88,,,,2024-12-10T17:44:48Z,2020,2020-01-01,2020-12-31
6521568,MALARIA_PV_INDIG,GLOBAL,GLOBAL,,,YEAR,2019,,,,,,,,,1 982 468,1982468,,,,2024-12-10T17:44:48Z,2019,2019-01-01,2019-12-31
1558949,MALARIA_PV_INDIG,COUNTRY,PRY,AMR,Americas,YEAR,2021,,,,,,,,,0,0,,,,2024-12-10T17:44:48Z,2021,2021-01-01,2021-12-31
1925737,MALARIA_PV_INDIG,COUNTRY,GUY,AMR,Americas,YEAR,2017,,,,,,,,,7645,7645,,,,2024-12-10T17:44:48Z,2017,2017-01-01,2017-12-31
5461206,MALARIA_PV_INDIG,COUNTRY,ETH,AFR,Africa,YEAR,2020,,,,,,,,,263 877,263877,,,,2024-12-10T17:44:48Z,2020,2020-01-01,2020-12-31
1472085,MALARIA_PV_INDIG,COUNTRY,VUT,WPR,Western Pacific,YEAR,2016,,,,,,,,,1682,1682,,,,2024-12-10T17:44:48Z,2016,2016-01-01,2016-12-31
4928697,MALARIA_PV_INDIG,COUNTRY,GUF,AMR,Americas,YEAR,2017,,,,,,,,,368,368,,,,2024-12-10T17:44:48Z,2017,2017-01-01,2017-12-31
1585629,MALARIA_PV_INDIG,COUNTRY,SOM,EMR,Eastern Mediterranean,YEAR,2019,,,,,,,,,2921,2921,,,,2024-12-10T17:44:48Z,2019,2019-01-01,2019-12-31
6341731,MALARIA_PV_INDIG,COUNTRY,THA,SEAR,South-East Asia,YEAR,2015,,,,,,,,,4655,4655,,,,2024-12-10T17:44:48Z,2015,2015-01-01,2015-12-31
1412097,MALARIA_PV_INDIG,COUNTRY,PER,AMR,Americas,YEAR,2022,,,,,,,,,22 514,22514,,,,2024-12-10T17:44:48Z,2022,2022-01-01,2022-12-31
1939173,MALARIA_PV_INDIG,COUNTRY,VEN,AMR,Americas,YEAR,2018,,,,,,,,,307 622,307622,,,,2024-12-10T17:44:48Z,2018,2018-01-01,2018-12-31
5348645,MALARIA_PV_INDIG,COUNTRY,SUR,AMR,Americas,YEAR,2015,,,,,,,,,61,61,,,,2024-12-10T17:44:48Z,2015,2015-01-01,2015-12-31
7453718,MALARIA_PV_INDIG,COUNTRY,GUF,AMR,Americas,YEAR,2015,,,,,,,,,194,194,,,,2024-12-10T17:44:48Z,2015,2015-01-01,2015-12-31
8052299,MALARIA_PV_INDIG,COUNTRY,KHM,WPR,Western Pacific,YEAR,2020,,,,,,,,,8722,8722,,,,2024-12-10T17:44:48Z,2020,2020-01-01,2020-12-31
3332866,MALARIA_PV_INDIG,COUNTRY,ARG,AMR,Americas,YEAR,2017,,,,,,,,,0,0,,,,2024-12-10T17:44:48Z,2017,2017-01-01,2017-12-31
8790503,MALARIA_PV_INDIG,COUNTRY,TJK,EUR,Europe,YEAR,2016,,,,,,,,,0,0,,,,2024-12-10T17:44:48Z,2016,2016-01-01,2016-12-31
2839125,MALARIA_PV_INDIG,COUNTRY,MMR,SEAR,South-East Asia,YEAR,2020,,,,,,,,,43 578,43578,,,,2024-12-10T17:44:48Z,2020,2020-01-01,2020-12-31
2685850,MALARIA_PV_INDIG,COUNTRY,ZAF,AFR,Africa,YEAR,2015,,,,,,,,,5,5,,,,2024-12-10T17:44:48Z,2015,2015-01-01,2015-12-31
4848840,MALARIA_PV_INDIG,COUNTRY,BRA,AMR,Americas,YEAR,2019,,,,,,,,,136 947,136947,,,,2024-12-10T17:44:48Z,2019,2019-01-01,2019-12-31
4928897,MALARIA_PV_INDIG,COUNTRY,TUR,EUR,Europe,YEAR,2020,,,,,,,,,0,0,,,,2024-12-10T17:44:48Z,2020,2020-01-01,2020-12-31
7054252,MALARIA_PV_INDIG,COUNTRY,ECU,AMR,Americas,YEAR,2018,,,,,,,,,1504,1504,,,,2024-12-10T17:44:48Z,2018,2018-01-01,2018-12-31
2018957,MALARIA_PV_INDIG,COUNTRY,IDN,SEAR,South-East Asia,YEAR,2022,,,,,,,,,101 300,101300,,,,2024-12-10T17:44:48Z,2022,2022-01-01,2022-12-31
3993799,MALARIA_PV_INDIG,COUNTRY,ECU,AMR,Americas,YEAR,2022,,,,,,,,,1150,1150,,,,2024-12-10T17:44:48Z,2022,2022-01-01,2022-12-31
4213028,MALARIA_PV_INDIG,COUNTRY,DJI,EMR,Eastern Mediterranean,YEAR,2021,,,,,,,,,14 531,14531,,,,2024-12-10T17:44:48Z,2021,2021-01-01,2021-12-31
9410778,MALARIA_PV_INDIG,GLOBAL,GLOBAL,,,YEAR,2017,,,,,,,,,2 205 202,2205202,,,,2024-12-10T17:44:48Z,2017,2017-01-01,2017-12-31
3326329,MALARIA_PV_INDIG,COUNTRY,PNG,WPR,Western Pacific,YEAR,2015,,,,,,,,,62 228,62228,,,,2024-12-10T17:44:48Z,2015,2015-01-01,2015-12-31
9330568,MALARIA_PV_INDIG,REGION,AMR,,,YEAR,2020,,,,,,,,,348 893,348893,,,,2024-12-10T17:44:48Z,2020,2020-01-01,2020-12-31
4882300,MALARIA_PV_INDIG,COUNTRY,BGD,SEAR,South-East Asia,YEAR,2015,,,,,,,,,4000,4000,,,,2024-12-10T17:44:48Z,2015,2015-01-01,2015-12-31
2726042,MALARIA_PV_INDIG,COUNTRY,LKA,SEAR,South-East Asia,YEAR,2023,,,,,,,,,0,0,,,,2024-12-10T17:44:48Z,2023,2023-01-01,2023-12-31
7972862,MALARIA_PV_INDIG,COUNTRY,PRY,AMR,Americas,YEAR,2016,,,,,,,,,0,0,,,,2024-12-10T17:44:48Z,2016,2016-01-01,2016-12-31
2619070,MALARIA_PV_INDIG,COUNTRY,MMR,SEAR,South-East Asia,YEAR,2017,,,,,,,,,32 070,32070,,,,2024-12-10T17:44:48Z,2017,2017-01-01,2017-12-31
7746318,MALARIA_PV_INDIG,COUNTRY,IND,SEAR,South-East Asia,YEAR,2021,,,,,,,,,60 187,60187,,,,2024-12-10T17:44:48Z,2021,2021-01-01,2021-12-31
6082072,MALARIA_PV_INDIG,COUNTRY,ARM,EUR,Europe,YEAR,2020,,,,,,,,,0,0,,,,2024-12-10T17:44:48Z,2020,2020-01-01,2020-12-31
1839463,MALARIA_PV_INDIG,COUNTRY,VNM,WPR,Western Pacific,YEAR,2018,,,,,,,,,1751,1751,,,,2024-12-10T17:44:48Z,2018,2018-01-01,2018-12-31
685326,MALARIA_PV_INDIG,COUNTRY,ERI,AFR,Africa,YEAR,2020,,,,,,,,,7119,7119,,,,2024-12-10T17:44:48Z,2020,2020-01-01,2020-12-31
2592462,MALARIA_PV_INDIG,GLOBAL,GLOBAL,,,YEAR,2015,,,,,,,,,1 931 906,1931906,,,,2024-12-10T17:44:48Z,2015,2015-01-01,2015-12-31
7480761,MALARIA_PV_INDIG,COUNTRY,ARM,EUR,Europe,YEAR,2023,,,,,,,,,0,0,,,,2024-12-10T17:44:48Z,2023,2023-01-01,2023-12-31
7487461,MALARIA_PV_INDIG,COUNTRY,NPL,SEAR,South-East Asia,YEAR,2017,,,,,,,,,587,587,,,,2024-12-10T17:44:48Z,2017,2017-01-01,2017-12-31
2032520,MALARIA_PV_INDIG,COUNTRY,GEO,EUR,Europe,YEAR,2017,,,,,,,,,0,0,,,,2024-12-10T17:44:48Z,2017,2017-01-01,2017-12-31
5448660,MALARIA_PV_INDIG,COUNTRY,CRI,AMR,Americas,YEAR,2017,,,,,,,,,12,12,,,,2024-12-10T17:44:48Z,2017,2017-01-01,2017-12-31
9370801,MALARIA_PV_INDIG,COUNTRY,THA,SEAR,South-East Asia,YEAR,2019,,,,,,,,,3443,3443,,,,2024-12-10T17:44:48Z,2019,2019-01-01,2019-12-31
9657265,MALARIA_PV_INDIG,COUNTRY,VEN,AMR,Americas,YEAR,2023,,,,,,,,,80 917,80917,,,,2024-12-10T17:44:48Z,2023,2023-01-01,2023-12-31
1619431,MALARIA_PV_INDIG,COUNTRY,SLV,AMR,Americas,YEAR,2023,,,,,,,,,0,0,,,,2024-12-10T17:44:48Z,2023,2023-01-01,2023-12-31
3980640,MALARIA_PV_INDIG,COUNTRY,YEM,EMR,Eastern Mediterranean,YEAR,2015,,,,,,,,,334,334,,,,2024-12-10T17:44:48Z,2015,2015-01-01,2015-12-31
4889119,MALARIA_PV_INDIG,COUNTRY,ECU,AMR,Americas,YEAR,2016,,,,,,,,,788,788,,,,2024-12-10T17:44:48Z,2016,2016-01-01,2016-12-31
6915516,MALARIA_PV_INDIG,COUNTRY,VUT,WPR,Western Pacific,YEAR,2020,,,,,,,,,469,469,,,,2024-12-10T17:44:48Z,2020,2020-01-01,2020-12-31
7719742,MALARIA_PV_INDIG,COUNTRY,CRI,AMR,Americas,YEAR,2015,,,,,,,,,0,0,,,,2024-12-10T17:44:48Z,2015,2015-01-01,2015-12-31
9623992,MALARIA_PV_INDIG,COUNTRY,SDN,EMR,Eastern Mediterranean,YEAR,2020,,,,,,,,,170 202,170202,,,,2024-12-10T17:44:48Z,2020,2020-01-01,2020-12-31
8724411,MALARIA_PV_INDIG,COUNTRY,IRN,EMR,Eastern Mediterranean,YEAR,2022,,,,,,,,,1218,1218,,,,2024-12-10T17:44:48Z,2022,2022-01-01,2022-12-31
2425695,MALARIA_PV_INDIG,COUNTRY,BOL,AMR,Americas,YEAR,2020,,,,,,,,,12 106,12106,,,,2024-12-10T17:44:48Z,2020,2020-01-01,2020-12-31
1792835,MALARIA_PV_INDIG,COUNTRY,HND,AMR,Americas,YEAR,2017,,,,,,,,,1145,1145,,,,2024-12-10T17:44:48Z,2017,2017-01-01,2017-12-31
2746345,MALARIA_PV_INDIG,COUNTRY,TJK,EUR,Europe,YEAR,2020,,,,,,,,,0,0,,,,2024-12-10T17:44:48Z,2020,2020-01-01,2020-12-31
4449181,MALARIA_PV_INDIG,COUNTRY,IND,SEAR,South-East Asia,YEAR,2015,,,,,,,,,390 440,390440,,,,2024-12-10T17:44:48Z,2015,2015-01-01,2015-12-31
1439202,MALARIA_PV_INDIG,COUNTRY,BRA,AMR,Americas,YEAR,2021,,,,,,,,,115 258,115258,,,,2024-12-10T17:44:48Z,2021,2021-01-01,2021-12-31
1712876,MALARIA_PV_INDIG,COUNTRY,MYT,AFR,Africa,YEAR,2023,,,,,,,,,0,0,,,,2024-12-10T17:44:48Z,2023,2023-01-01,2023-12-31
7986413,MALARIA_PV_INDIG,COUNTRY,PNG,WPR,Western Pacific,YEAR,2020,,,,,,,,,186 981,186981,,,,2024-12-10T17:44:48Z,2020,2020-01-01,2020-12-31
4283071,MALARIA_PV_INDIG,COUNTRY,PAN,AMR,Americas,YEAR,2016,,,,,,,,,748,748,,,,2024-12-10T17:44:48Z,2016,2016-01-01,2016-12-31
1892961,MALARIA_PV_INDIG,COUNTRY,KGZ,EUR,Europe,YEAR,2015,,,,,,,,,0,0,,,,2024-12-10T17:44:48Z,2015,2015-01-01,2015-12-31
313882,MALARIA_PV_INDIG,COUNTRY,ARG,AMR,Americas,YEAR,2015,,,,,,,,,0,0,,,,2024-12-10T17:44:48Z,2015,2015-01-01,2015-12-31
2126132,MALARIA_PV_INDIG,COUNTRY,SOM,EMR,Eastern Mediterranean,YEAR,2022,,,,,,,,,762,762,,,,2024-12-10T17:44:48Z,2022,2022-01-01,2022-12-31
319555,MALARIA_PV_INDIG,COUNTRY,GUY,AMR,Americas,YEAR,2015,,,,,,,,,6002,6002,,,,2024-12-10T17:44:48Z,2015,2015-01-01,2015-12-31
1799647,MALARIA_PV_INDIG,COUNTRY,TJK,EUR,Europe,YEAR,2015,,,,,,,,,0,0,,,,2024-12-10T17:44:48Z,2015,2015-01-01,2015-12-31
7953207,MALARIA_PV_INDIG,COUNTRY,PRY,AMR,Americas,YEAR,2015,,,,,,,,,0,0,,,,2024-12-10T17:44:48Z,2015,2015-01-01,2015-12-31
3146623,MALARIA_PV_INDIG,COUNTRY,CHN,WPR,Western Pacific,YEAR,2017,,,,,,,,,0,0,,,,2024-12-10T17:44:48Z,2017,2017-01-01,2017-12-31
1412750,MALARIA_PV_INDIG,COUNTRY,TJK,EUR,Europe,YEAR,2023,,,,,,,,,0,0,,,,2024-12-10T17:44:48Z,2023,2023-01-01,2023-12-31
7893601,MALARIA_PV_INDIG,COUNTRY,LKA,SEAR,South-East Asia,YEAR,2015,,,,,,,,,0,0,,,,2024-12-10T17:44:48Z,2015,2015-01-01,2015-12-31
8159680,MALARIA_PV_INDIG,COUNTRY,HND,AMR,Americas,YEAR,2018,,,,,,,,,576,576,,,,2024-12-10T17:44:48Z,2018,2018-01-01,2018-12-31
6582404,MALARIA_PV_INDIG,COUNTRY,MDG,AFR,Africa,YEAR,2017,,,,,,,,,5,5,,,,2024-12-10T17:44:48Z,2017,2017-01-01,2017-12-31
214922,MALARIA_PV_INDIG,COUNTRY,SUR,AMR,Americas,YEAR,2023,,,,,,,,,0,0,,,,2024-12-10T17:44:48Z,2023,2023-01-01,2023-12-31
2759994,MALARIA_PV_INDIG,COUNTRY,SDN,EMR,Eastern Mediterranean,YEAR,2021,,,,,,,,,175 590,175590,,,,2024-12-10T17:44:48Z,2021,2021-01-01,2021-12-31
6202664,MALARIA_PV_INDIG,COUNTRY,ERI,AFR,Africa,YEAR,2021,,,,,,,,,5613,5613,,,,2024-12-10T17:44:48Z,2021,2021-01-01,2021-12-31
2012913,MALARIA_PV_INDIG,COUNTRY,DJI,EMR,Eastern Mediterranean,YEAR,2022,,,,,,,,,9858,9858,,,,2024-12-10T17:44:48Z,2022,2022-01-01,2022-12-31
2726576,MALARIA_PV_INDIG,COUNTRY,HND,AMR,Americas,YEAR,2023,,,,,,,,,2021,2021,,,,2024-12-10T17:44:48Z,2023,2023-01-01,2023-12-31
1639888,MALARIA_PV_INDIG,COUNTRY,MYS,WPR,Western Pacific,YEAR,2022,,,,,,,,,0,0,,,,2024-12-10T17:44:48Z,2022,2022-01-01,2022-12-31
6868979,MALARIA_PV_INDIG,COUNTRY,VUT,WPR,Western Pacific,YEAR,2017,,,,,,,,,798,798,,,,2024-12-10T17:44:48Z,2017,2017-01-01,2017-12-31
9037405,MALARIA_PV_INDIG,COUNTRY,BRA,AMR,Americas,YEAR,2020,,,,,,,,,119 911,119911,,,,2024-12-10T17:44:48Z,2020,2020-01-01,2020-12-31
9077450,MALARIA_PV_INDIG,COUNTRY,BTN,SEAR,South-East Asia,YEAR,2020,,,,,,,,,22,22,,,,2024-12-10T17:44:48Z,2020,2020-01-01,2020-12-31
7407716,MALARIA_PV_INDIG,COUNTRY,DJI,EMR,Eastern Mediterranean,YEAR,2019,,,,,,,,,13 377,13377,,,,2024-12-10T17:44:48Z,2019,2019-01-01,2019-12-31
4074267,MALARIA_PV_INDIG,REGION,EUR,,,YEAR,2020,,,,,,,,,0,0,,,,2024-12-10T17:44:48Z,2020,2020-01-01,2020-12-31
9384648,MALARIA_PV_INDIG,COUNTRY,IDN,SEAR,South-East Asia,YEAR,2015,,,,,,,,,94 267,94267,,,,2024-12-10T17:44:48Z,2015,2015-01-01,2015-12-31
1192822,MALARIA_PV_INDIG,COUNTRY,TKM,EUR,Europe,YEAR,2015,,,,,,,,,0,0,,,,2024-12-10T17:44:48Z,2015,2015-01-01,2015-12-31
446571,MALARIA_PV_INDIG,COUNTRY,CRI,AMR,Americas,YEAR,2021,,,,,,,,,17,17,,,,2024-12-10T17:44:48Z,2021,2021-01-01,2021-12-31
4856206,MALARIA_PV_INDIG,COUNTRY,HND,AMR,Americas,YEAR,2016,,,,,,,,,2744,2744,,,,2024-12-10T17:44:48Z,2016,2016-01-01,2016-12-31
906219,MALARIA_PV_INDIG,COUNTRY,KOR,WPR,Western Pacific,YEAR,2016,,,,,,,,,602,602,,,,2024-12-10T17:44:48Z,2016,2016-01-01,2016-12-31
6069330,MALARIA_PV_INDIG,COUNTRY,SSD,AFR,Africa,YEAR,2021,,,,,,,,,43 197,43197,,,,2024-12-10T17:44:48Z,2021,2021-01-01,2021-12-31
6709311,MALARIA_PV_INDIG,REGION,WPR,,,YEAR,2019,,,,,,,,,244 783,244783,,,,2024-12-10T17:44:48Z,2019,2019-01-01,2019-12-31
8519465,MALARIA_PV_INDIG,COUNTRY,BTN,SEAR,South-East Asia,YEAR,2017,,,,,,,,,11,11,,,,2024-12-10T17:44:48Z,2017,2017-01-01,2017-12-31
1186226,MALARIA_PV_INDIG,COUNTRY,SUR,AMR,Americas,YEAR,2017,,,,,,,,,99,99,,,,2024-12-10T17:44:48Z,2017,2017-01-01,2017-12-31
8366244,MALARIA_PV_INDIG,COUNTRY,SLB,WPR,Western Pacific,YEAR,2018,,,,,,,,,35 072,35072,,,,2024-12-10T17:44:48Z,2018,2018-01-01,2018-12-31
1926691,MALARIA_PV_INDIG,COUNTRY,PHL,WPR,Western Pacific,YEAR,2018,,,,,,,,,116,116,,,,2024-12-10T17:44:48Z,2018,2018-01-01,2018-12-31
752626,MALARIA_PV_INDIG,COUNTRY,SSD,AFR,Africa,YEAR,2022,,,,,,,,,13 907,13907,,,,2024-12-10T17:44:48Z,2022,2022-01-01,2022-12-31
2966524,MALARIA_PV_INDIG,COUNTRY,PER,AMR,Americas,YEAR,2019,,,,,,,,,19 605,19605,,,,2024-12-10T17:44:48Z,2019,2019-01-01,2019-12-31
6995729,MALARIA_PV_INDIG,COUNTRY,GTM,AMR,Americas,YEAR,2016,,,,,,,,,4996,4996,,,,2024-12-10T17:44:48Z,2016,2016-01-01,2016-12-31
5096467,MALARIA_PV_INDIG,COUNTRY,MEX,AMR,Americas,YEAR,2020,,,,,,,,,356,356,,,,2024-12-10T17:44:48Z,2020,2020-01-01,2020-12-31
8033488,MALARIA_PV_INDIG,COUNTRY,ETH,AFR,Africa,YEAR,2015,,,,,,,,,678 432,678432,,,,2024-12-10T17:44:48Z,2015,2015-01-01,2015-12-31
8446268,MALARIA_PV_INDIG,REGION,AFR,,,YEAR,2021,,,,,,,,,301 399,301399,,,,2024-12-10T17:44:48Z,2021,2021-01-01,2021-12-31
1019700,MALARIA_PV_INDIG,COUNTRY,TZA,AFR,Africa,YEAR,2022,,,,,,,,,0,0,,,,2024-12-10T17:44:48Z,2022,2022-01-01,2022-12-31
9124450,MALARIA_PV_INDIG,COUNTRY,SLB,WPR,Western Pacific,YEAR,2023,,,,,,,,,70 635,70635,,,,2024-12-10T17:44:48Z,2023,2023-01-01,2023-12-31
2459649,MALARIA_PV_INDIG,COUNTRY,KHM,WPR,Western Pacific,YEAR,2016,,,,,,,,,9816,9816,,,,2024-12-10T17:44:48Z,2016,2016-01-01,2016-12-31
9644598,MALARIA_PV_INDIG,REGION,AMR,,,YEAR,2019,,,,,,,,,540 327,540327,,,,2024-12-10T17:44:48Z,2019,2019-01-01,2019-12-31
6982519,MALARIA_PV_INDIG,COUNTRY,IRN,EMR,Eastern Mediterranean,YEAR,2019,,,,,,,,,0,0,,,,2024-12-10T17:44:48Z,2019,2019-01-01,2019-12-31
3674238,MALARIA_PV_INDIG,COUNTRY,GUF,AMR,Americas,YEAR,2019,,,,,,,,,193,193,,,,2024-12-10T17:44:48Z,2019,2019-01-01,2019-12-31
5682516,MALARIA_PV_INDIG,COUNTRY,TUR,EUR,Europe,YEAR,2016,,,,,,,,,0,0,,,,2024-12-10T17:44:48Z,2016,2016-01-01,2016-12-31
3834331,MALARIA_PV_INDIG,COUNTRY,MEX,AMR,Americas,YEAR,2021,,,,,,,,,242,242,,,,2024-12-10T17:44:48Z,2021,2021-01-01,2021-12-31
8991004,MALARIA_PV_INDIG,REGION,AMR,,,YEAR,2018,,,,,,,,,578 651,578651,,,,2024-12-10T17:44:48Z,2018,2018-01-01,2018-12-31
9318168,MALARIA_PV_INDIG,COUNTRY,SAU,EMR,Eastern Mediterranean,YEAR,2023,,,,,,,,,0,0,,,,2024-12-10T17:44:48Z,2023,2023-01-01,2023-12-31
7840792,MALARIA_PV_INDIG,COUNTRY,TLS,SEAR,South-East Asia,YEAR,2023,,,,,,,,,0,0,,,,2024-12-10T17:44:48Z,2023,2023-01-01,2023-12-31
8000292,MALARIA_PV_INDIG,COUNTRY,KOR,WPR,Western Pacific,YEAR,2020,,,,,,,,,356,356,,,,2024-12-10T17:44:48Z,2020,2020-01-01,2020-12-31
4996657,MALARIA_PV_INDIG,COUNTRY,UZB,EUR,Europe,YEAR,2017,,,,,,,,,0,0,,,,2024-12-10T17:44:48Z,2017,2017-01-01,2017-12-31
1606937,MALARIA_PV_INDIG,COUNTRY,CRI,AMR,Americas,YEAR,2019,,,,,,,,,87,87,,,,2024-12-10T17:44:48Z,2019,2019-01-01,2019-12-31
8811506,MALARIA_PV_INDIG,COUNTRY,SAU,EMR,Eastern Mediterranean,YEAR,2017,,,,,,,,,5,5,,,,2024-12-10T17:44:48Z,2017,2017-01-01,2017-12-31
2713673,MALARIA_PV_INDIG,COUNTRY,YEM,EMR,Eastern Mediterranean,YEAR,2023,,,,,,,,,3235,3235,,,,2024-12-10T17:44:48Z,2023,2023-01-01,2023-12-31
1273465,MALARIA_PV_INDIG,COUNTRY,VNM,WPR,Western Pacific,YEAR,2022,,,,,,,,,163,163,,,,2024-12-10T17:44:48Z,2022,2022-01-01,2022-12-31
5842939,MALARIA_PV_INDIG,COUNTRY,VNM,WPR,Western Pacific,YEAR,2017,,,,,,,,,1608,1608,,,,2024-12-10T17:44:48Z,2017,2017-01-01,2017-12-31
9671607,MALARIA_PV_INDIG,COUNTRY,IDN,SEAR,South-East Asia,YEAR,2023,,,,,,,,,160 325,160325,,,,2024-12-10T17:44:48Z,2023,2023-01-01,2023-12-31
3567646,MALARIA_PV_INDIG,COUNTRY,YEM,EMR,Eastern Mediterranean,YEAR,2016,,,,,,,,,347,347,,,,2024-12-10T17:44:48Z,2016,2016-01-01,2016-12-31
4041653,MALARIA_PV_INDIG,COUNTRY,IRN,EMR,Eastern Mediterranean,YEAR,2016,,,,,,,,,79,79,,,,2024-12-10T17:44:48Z,2016,2016-01-01,2016-12-31
8140337,MALARIA_PV_INDIG,GLOBAL,GLOBAL,,,YEAR,2016,,,,,,,,,2 115 558,2115558,,,,2024-12-10T17:44:48Z,2016,2016-01-01,2016-12-31
9118098,MALARIA_PV_INDIG,COUNTRY,BLZ,AMR,Americas,YEAR,2016,,,,,,,,,4,4,,,,2024-12-10T17:44:48Z,2016,2016-01-01,2016-12-31
7854294,MALARIA_PV_INDIG,COUNTRY,SLV,AMR,Americas,YEAR,2015,,,,,,,,,5,5,,,,2024-12-10T17:44:48Z,2015,2015-01-01,2015-12-31
7288385,MALARIA_PV_INDIG,COUNTRY,UZB,EUR,Europe,YEAR,2018,,,,,,,,,0,0,,,,2024-12-10T17:44:48Z,2018,2018-01-01,2018-12-31
6776675,MALARIA_PV_INDIG,COUNTRY,PAK,EMR,Eastern Mediterranean,YEAR,2016,,,,,,,,,260 477,260477,,,,2024-12-10T17:44:48Z,2016,2016-01-01,2016-12-31
7315137,MALARIA_PV_INDIG,COUNTRY,PNG,WPR,Western Pacific,YEAR,2019,,,,,,,,,163 237,163237,,,,2024-12-10T17:44:48Z,2019,2019-01-01,2019-12-31
6236825,MALARIA_PV_INDIG,COUNTRY,KGZ,EUR,Europe,YEAR,2018,,,,,,,,,0,0,,,,2024-12-10T17:44:48Z,2018,2018-01-01,2018-12-31
3053963,MALARIA_PV_INDIG,COUNTRY,PNG,WPR,Western Pacific,YEAR,2016,,,,,,,,,95 328,95328,,,,2024-12-10T17:44:48Z,2016,2016-01-01,2016-12-31
8785273,MALARIA_PV_INDIG,COUNTRY,GUY,AMR,Americas,YEAR,2023,,,,,,,,,17 187,17187,,,,2024-12-10T17:44:48Z,2023,2023-01-01,2023-12-31
9064871,MALARIA_PV_INDIG,COUNTRY,CHN,WPR,Western Pacific,YEAR,2020,,,,,,,,,0,0,,,,2024-12-10T17:44:48Z,2020,2020-01-01,2020-12-31
7455229,MALARIA_PV_INDIG,COUNTRY,MEX,AMR,Americas,YEAR,2015,,,,,,,,,517,517,,,,2024-12-10T17:44:48Z,2015,2015-01-01,2015-12-31
2033750,MALARIA_PV_INDIG,COUNTRY,DZA,AFR,Africa,YEAR,2023,,,,,,,,,0,0,,,,2024-12-10T17:44:48Z,2023,2023-01-01,2023-12-31
3788072,MALARIA_PV_INDIG,REGION,SEAR,,,YEAR,2019,,,,,,,,,307 911,307911,,,,2024-12-10T17:44:48Z,2019,2019-01-01,2019-12-31
9278434,MALARIA_PV_INDIG,COUNTRY,ECU,AMR,Americas,YEAR,2023,,,,,,,,,574,574,,,,2024-12-10T17:44:48Z,2023,2023-01-01,2023-12-31
228947,MALARIA_PV_INDIG,COUNTRY,GUY,AMR,Americas,YEAR,2021,,,,,,,,,13 913,13913,,,,2024-12-10T17:44:48Z,2021,2021-01-01,2021-12-31
7421884,MALARIA_PV_INDIG,COUNTRY,ARG,AMR,Americas,YEAR,2023,,,,,,,,,0,0,,,,2024-12-10T17:44:48Z,2023,2023-01-01,2023-12-31
1654064,MALARIA_PV_INDIG,COUNTRY,PER,AMR,Americas,YEAR,2023,,,,,,,,,19 074,19074,,,,2024-12-10T17:44:48Z,2023,2023-01-01,2023-12-31
189063,MALARIA_PV_INDIG,COUNTRY,PAK,EMR,Eastern Mediterranean,YEAR,2022,,,,,,,,,1 178 058,1178058,,,,2024-12-10T17:44:48Z,2022,2022-01-01,2022-12-31
4234298,MALARIA_PV_INDIG,COUNTRY,SDN,EMR,Eastern Mediterranean,YEAR,2019,,,,,,,,,194 904,194904,,,,2024-12-10T17:44:48Z,2019,2019-01-01,2019-12-31
1780657,MALARIA_PV_INDIG,COUNTRY,GTM,AMR,Americas,YEAR,2023,,,,,,,,,3046,3046,,,,2024-12-10T17:44:48Z,2023,2023-01-01,2023-12-31
7016237,MALARIA_PV_INDIG,COUNTRY,PAK,EMR,Eastern Mediterranean,YEAR,2021,,,,,,,,,301 169,301169,,,,2024-12-10T17:44:48Z,2021,2021-01-01,2021-12-31
1113467,MALARIA_PV_INDIG,COUNTRY,NPL,SEAR,South-East Asia,YEAR,2021,,,,,,,,,29,29,,,,2024-12-10T17:44:48Z,2021,2021-01-01,2021-12-31
9658642,MALARIA_PV_INDIG,COUNTRY,MEX,AMR,Americas,YEAR,2022,,,,,,,,,162,162,,,,2024-12-10T17:44:48Z,2022,2022-01-01,2022-12-31
6596758,MALARIA_PV_INDIG,COUNTRY,CHN,WPR,Western Pacific,YEAR,2016,,,,,,,,,1,1,,,,2024-12-10T17:44:48Z,2016,2016-01-01,2016-12-31
7089232,MALARIA_PV_INDIG,COUNTRY,SLB,WPR,Western Pacific,YEAR,2015,,,,,,,,,12 150,12150,,,,2024-12-10T17:44:48Z,2015,2015-01-01,2015-12-31
8600575,MALARIA_PV_INDIG,COUNTRY,VUT,WPR,Western Pacific,YEAR,2019,,,,,,,,,531,531,,,,2024-12-10T17:44:48Z,2019,2019-01-01,2019-12-31
8978456,MALARIA_PV_INDIG,COUNTRY,YEM,EMR,Eastern Mediterranean,YEAR,2017,,,,,,,,,1833,1833,,,,2024-12-10T17:44:48Z,2017,2017-01-01,2017-12-31
6716856,MALARIA_PV_INDIG,REGION,SEAR,,,YEAR,2015,,,,,,,,,566 469,566469,,,,2024-12-10T17:44:48Z,2015,2015-01-01,2015-12-31
8952041,MALARIA_PV_INDIG,COUNTRY,ETH,AFR,Africa,YEAR,2017,,,,,,,,,470 892,470892,,,,2024-12-10T17:44:48Z,2017,2017-01-01,2017-12-31
6516711,MALARIA_PV_INDIG,COUNTRY,KHM,WPR,Western Pacific,YEAR,2021,,,,,,,,,4018,4018,,,,2024-12-10T17:44:48Z,2021,2021-01-01,2021-12-31
680291,MALARIA_PV_INDIG,COUNTRY,PRY,AMR,Americas,YEAR,2017,,,,,,,,,0,0,,,,2024-12-10T17:44:48Z,2017,2017-01-01,2017-12-31
4310941,MALARIA_PV_INDIG,COUNTRY,IND,SEAR,South-East Asia,YEAR,2017,,,,,,,,,315 028,315028,,,,2024-12-10T17:44:48Z,2017,2017-01-01,2017-12-31
7934719,MALARIA_PV_INDIG,COUNTRY,NPL,SEAR,South-East Asia,YEAR,2023,,,,,,,,,12,12,,,,2024-12-10T17:44:48Z,2023,2023-01-01,2023-12-31
4570448,MALARIA_PV_INDIG,COUNTRY,LAO,WPR,Western Pacific,YEAR,2020,,,,,,,,,1879,1879,,,,2024-12-10T17:44:48Z,2020,2020-01-01,2020-12-31
567350,MALARIA_PV_INDIG,COUNTRY,YEM,EMR,Eastern Mediterranean,YEAR,2020,,,,,,,,,1684,1684,,,,2024-12-10T17:44:48Z,2020,2020-01-01,2020-12-31
1814386,MALARIA_PV_INDIG,COUNTRY,KOR,WPR,Western Pacific,YEAR,2018,,,,,,,,,501,501,,,,2024-12-10T17:44:48Z,2018,2018-01-01,2018-12-31
8818871,MALARIA_PV_INDIG,COUNTRY,VUT,WPR,Western Pacific,YEAR,2015,,,,,,,,,273,273,,,,2024-12-10T17:44:48Z,2015,2015-01-01,2015-12-31
6470199,MALARIA_PV_INDIG,COUNTRY,KOR,WPR,Western Pacific,YEAR,2022,,,,,,,,,348,348,,,,2024-12-10T17:44:48Z,2022,2022-01-01,2022-12-31
3314800,MALARIA_PV_INDIG,COUNTRY,MEX,AMR,Americas,YEAR,2019,,,,,,,,,618,618,,,,2024-12-10T17:44:48Z,2019,2019-01-01,2019-12-31
1474128,MALARIA_PV_INDIG,COUNTRY,PHL,WPR,Western Pacific,YEAR,2016,,,,,,,,,816,816,,,,2024-12-10T17:44:48Z,2016,2016-01-01,2016-12-31
3681890,MALARIA_PV_INDIG,COUNTRY,SUR,AMR,Americas,YEAR,2020,,,,,,,,,147,147,,,,2024-12-10T17:44:48Z,2020,2020-01-01,2020-12-31
6830460,MALARIA_PV_INDIG,COUNTRY,SOM,EMR,Eastern Mediterranean,YEAR,2017,,,,,,,,,825,825,,,,2024-12-10T17:44:48Z,2017,2017-01-01,2017-12-31
4990805,MALARIA_PV_INDIG,REGION,EMR,,,YEAR,2019,,,,,,,,,707 106,707106,,,,2024-12-10T17:44:48Z,2019,2019-01-01,2019-12-31
6597157,MALARIA_PV_INDIG,COUNTRY,BLZ,AMR,Americas,YEAR,2017,,,,,,,,,5,5,,,,2024-12-10T17:44:48Z,2017,2017-01-01,2017-12-31
6137226,MALARIA_PV_INDIG,COUNTRY,DZA,AFR,Africa,YEAR,2017,,,,,,,,,0,0,,,,2024-12-10T17:44:48Z,2017,2017-01-01,2017-12-31
7402345,MALARIA_PV_INDIG,REGION,EMR,,,YEAR,2021,,,,,,,,,579 775,579775,,,,2024-12-10T17:44:48Z,2021,2021-01-01,2021-12-31
1407549,MALARIA_PV_INDIG,COUNTRY,HND,AMR,Americas,YEAR,2020,,,,,,,,,576,576,,,,2024-12-10T17:44:48Z,2020,2020-01-01,2020-12-31
2727983,MALARIA_PV_INDIG,COUNTRY,HND,AMR,Americas,YEAR,2022,,,,,,,,,2345,2345,,,,2024-12-10T17:44:48Z,2022,2022-01-01,2022-12-31
8614184,MALARIA_PV_INDIG,COUNTRY,LAO,WPR,Western Pacific,YEAR,2019,,,,,,,,,4444,4444,,,,2024-12-10T17:44:48Z,2019,2019-01-01,2019-12-31
4002466,MALARIA_PV_INDIG,COUNTRY,CHN,WPR,Western Pacific,YEAR,2019,,,,,,,,,0,0,,,,2024-12-10T17:44:48Z,2019,2019-01-01,2019-12-31
5330783,MALARIA_PV_INDIG,COUNTRY,YEM,EMR,Eastern Mediterranean,YEAR,2021,,,,,,,,,4343,4343,,,,2024-12-10T17:44:48Z,2021,2021-01-01,2021-12-31
1781250,MALARIA_PV_INDIG,COUNTRY,SOM,EMR,Eastern Mediterranean,YEAR,2021,,,,,,,,,2048,2048,,,,2024-12-10T17:44:48Z,2021,2021-01-01,2021-12-31
3748818,MALARIA_PV_INDIG,COUNTRY,MMR,SEAR,South-East Asia,YEAR,2019,,,,,,,,,32 788,32788,,,,2024-12-10T17:44:48Z,2019,2019-01-01,2019-12-31
9052198,MALARIA_PV_INDIG,COUNTRY,HND,AMR,Americas,YEAR,2019,,,,,,,,,319,319,,,,2024-12-10T17:44:48Z,2019,2019-01-01,2019-12-31
7382465,MALARIA_PV_INDIG,REGION,EMR,,,YEAR,2015,,,,,,,,,250 842,250842,,,,2024-12-10T17:44:48Z,2015,2015-01-01,2015-12-31
4510909,MALARIA_PV_INDIG,COUNTRY,LKA,SEAR,South-East Asia,YEAR,2022,,,,,,,,,0,0,,,,2024-12-10T17:44:48Z,2022,2022-01-01,2022-12-31
5177963,MALARIA_PV_INDIG,COUNTRY,IDN,SEAR,South-East Asia,YEAR,2019,,,,,,,,,86 742,86742,,,,2024-12-10T17:44:48Z,2019,2019-01-01,2019-12-31
3528557,MALARIA_PV_INDIG,COUNTRY,BRA,AMR,Americas,YEAR,2016,,,,,,,,,110 340,110340,,,,2024-12-10T17:44:48Z,2016,2016-01-01,2016-12-31
2267485,MALARIA_PV_INDIG,COUNTRY,YEM,EMR,Eastern Mediterranean,YEAR,2019,,,,,,,,,1802,1802,,,,2024-12-10T17:44:48Z,2019,2019-01-01,2019-12-31
774010,MALARIA_PV_INDIG,COUNTRY,SAU,EMR,Eastern Mediterranean,YEAR,2022,,,,,,,,,0,0,,,,2024-12-10T17:44:48Z,2022,2022-01-01,2022-12-31
4604229,MALARIA_PV_INDIG,COUNTRY,BLZ,AMR,Americas,YEAR,2019,,,,,,,,,0,0,,,,2024-12-10T17:44:48Z,2019,2019-01-01,2019-12-31
8832596,MALARIA_PV_INDIG,COUNTRY,KGZ,EUR,Europe,YEAR,2016,,,,,,,,,0,0,,,,2024-12-10T17:44:48Z,2016,2016-01-01,2016-12-31
5964116,MALARIA_PV_INDIG,COUNTRY,THA,SEAR,South-East Asia,YEAR,2023,,,,,,,,,8378,8378,,,,2024-12-10T17:44:48Z,2023,2023-01-01,2023-12-31
6130763,MALARIA_PV_INDIG,COUNTRY,PAK,EMR,Eastern Mediterranean,YEAR,2017,,,,,,,,,300 623,300623,,,,2024-12-10T17:44:48Z,2017,2017-01-01,2017-12-31
8094599,MALARIA_PV_INDIG,COUNTRY,GUF,AMR,Americas,YEAR,2016,,,,,,,,,99,99,,,,2024-12-10T17:44:48Z,2016,2016-01-01,2016-12-31
1848164,MALARIA_PV_INDIG,COUNTRY,VEN,AMR,Americas,YEAR,2022,,,,,,,,,99 309,99309,,,,2024-12-10T17:44:48Z,2022,2022-01-01,2022-12-31
9132460,MALARIA_PV_INDIG,COUNTRY,PRY,AMR,Americas,YEAR,2018,,,,,,,,,0,0,,,,2024-12-10T17:44:48Z,2018,2018-01-01,2018-12-31
7489529,MALARIA_PV_INDIG,COUNTRY,UZB,EUR,Europe,YEAR,2020,,,,,,,,,0,0,,,,2024-12-10T17:44:48Z,2020,2020-01-01,2020-12-31
8866104,MALARIA_PV_INDIG,COUNTRY,BLZ,AMR,Americas,YEAR,2015,,,,,,,,,9,9,,,,2024-12-10T17:44:48Z,2015,2015-01-01,2015-12-31
2947926,MALARIA_PV_INDIG,COUNTRY,BTN,SEAR,South-East Asia,YEAR,2021,,,,,,,,,7,7,,,,2024-12-10T17:44:48Z,2021,2021-01-01,2021-12-31
7708337,MALARIA_PV_INDIG,REGION,AFR,,,YEAR,2020,,,,,,,,,273 454,273454,,,,2024-12-10T17:44:48Z,2020,2020-01-01,2020-12-31
3061545,MALARIA_PV_INDIG,REGION,EUR,,,YEAR,2017,,,,,,,,,0,0,,,,2024-12-10T17:44:48Z,2017,2017-01-01,2017-12-31
4931204,MALARIA_PV_INDIG,COUNTRY,SLV,AMR,Americas,YEAR,2016,,,,,,,,,12,12,,,,2024-12-10T17:44:48Z,2016,2016-01-01,2016-12-31
6817710,MALARIA_PV_INDIG,COUNTRY,COL,AMR,Americas,YEAR,2019,,,,,,,,,38 392,38392,,,,2024-12-10T17:44:48Z,2019,2019-01-01,2019-12-31
5984028,MALARIA_PV_INDIG,COUNTRY,THA,SEAR,South-East Asia,YEAR,2018,,,,,,,,,3575,3575,,,,2024-12-10T17:44:48Z,2018,2018-01-01,2018-12-31
2781730,MALARIA_PV_INDIG,COUNTRY,ARM,EUR,Europe,YEAR,2019,,,,,,,,,0,0,,,,2024-12-10T17:44:48Z,2019,2019-01-01,2019-12-31
5077970,MALARIA_PV_INDIG,COUNTRY,PRK,SEAR,South-East Asia,YEAR,2020,,,,,,,,,1819,1819,,,,2024-12-10T17:44:48Z,2020,2020-01-01,2020-12-31
8341387,MALARIA_PV_INDIG,COUNTRY,PRK,SEAR,South-East Asia,YEAR,2022,,,,,,,,,2136,2136,,,,2024-12-10T17:44:48Z,2022,2022-01-01,2022-12-31
4261993,MALARIA_PV_INDIG,COUNTRY,AZE,EUR,Europe,YEAR,2017,,,,,,,,,0,0,,,,2024-12-10T17:44:48Z,2017,2017-01-01,2017-12-31
7908598,MALARIA_PV_INDIG,COUNTRY,GTM,AMR,Americas,YEAR,2018,,,,,,,,,3018,3018,,,,2024-12-10T17:44:48Z,2018,2018-01-01,2018-12-31
6370956,MALARIA_PV_INDIG,GLOBAL,GLOBAL,,,YEAR,2021,,,,,,,,,1 699 150,1699150,,,,2024-12-10T17:44:48Z,2021,2021-01-01,2021-12-31
2627850,MALARIA_PV_INDIG,COUNTRY,ARG,AMR,Americas,YEAR,2021,,,,,,,,,0,0,,,,2024-12-10T17:44:48Z,2021,2021-01-01,2021-12-31
2968185,MALARIA_PV_INDIG,COUNTRY,ERI,AFR,Africa,YEAR,2023,,,,,,,,,21 649,21649,,,,2024-12-10T17:44:48Z,2023,2023-01-01,2023-12-31
276432,MALARIA_PV_INDIG,COUNTRY,BGD,SEAR,South-East Asia,YEAR,2016,,,,,,,,,3297,3297,,,,2024-12-10T17:44:48Z,2016,2016-01-01,2016-12-31
9406508,MALARIA_PV_INDIG,REGION,AFR,,,YEAR,2017,,,,,,,,,480 086,480086,,,,2024-12-10T17:44:48Z,2017,2017-01-01,2017-12-31
1328143,MALARIA_PV_INDIG,GLOBAL,GLOBAL,,,YEAR,2018,,,,,,,,,1 886 546,1886546,,,,2024-12-10T17:44:48Z,2018,2018-01-01,2018-12-31
5124906,MALARIA_PV_INDIG,COUNTRY,GEO,EUR,Europe,YEAR,2016,,,,,,,,,0,0,,,,2024-12-10T17:44:48Z,2016,2016-01-01,2016-12-31
5590476,MALARIA_PV_INDIG,COUNTRY,SLV,AMR,Americas,YEAR,2018,,,,,,,,,0,0,,,,2024-12-10T17:44:48Z,2018,2018-01-01,2018-12-31
9639535,MALARIA_PV_INDIG,COUNTRY,BLZ,AMR,Americas,YEAR,2022,,,,,,,,,0,0,,,,2024-12-10T17:44:48Z,2022,2022-01-01,2022-12-31
6837733,MALARIA_PV_INDIG,COUNTRY,SDN,EMR,Eastern Mediterranean,YEAR,2023,,,,,,,,,39 616,39616,,,,2024-12-10T17:44:48Z,2023,2023-01-01,2023-12-31
5904381,MALARIA_PV_INDIG,REGION,EUR,,,YEAR,2019,,,,,,,,,0,0,,,,2024-12-10T17:44:48Z,2019,2019-01-01,2019-12-31
6024294,MALARIA_PV_INDIG,COUNTRY,AFG,EMR,Eastern Mediterranean,YEAR,2017,,,,,,,,,154 468,154468,,,,2024-12-10T17:44:48Z,2017,2017-01-01,2017-12-31
3468694,MALARIA_PV_INDIG,COUNTRY,UZB,EUR,Europe,YEAR,2016,,,,,,,,,0,0,,,,2024-12-10T17:44:48Z,2016,2016-01-01,2016-12-31
9513078,MALARIA_PV_INDIG,COUNTRY,BOL,AMR,Americas,YEAR,2016,,,,,,,,,5535,5535,,,,2024-12-10T17:44:48Z,2016,2016-01-01,2016-12-31
1394997,MALARIA_PV_INDIG,COUNTRY,LKA,SEAR,South-East Asia,YEAR,2018,,,,,,,,,0,0,,,,2024-12-10T17:44:48Z,2018,2018-01-01,2018-12-31
8374742,MALARIA_PV_INDIG,COUNTRY,SLB,WPR,Western Pacific,YEAR,2022,,,,,,,,,59 155,59155,,,,2024-12-10T17:44:48Z,2022,2022-01-01,2022-12-31
3589110,MALARIA_PV_INDIG,COUNTRY,PHL,WPR,Western Pacific,YEAR,2019,,,,,,,,,537,537,,,,2024-12-10T17:44:48Z,2019,2019-01-01,2019-12-31
7296410,MALARIA_PV_INDIG,COUNTRY,DZA,AFR,Africa,YEAR,2021,,,,,,,,,0,0,,,,2024-12-10T17:44:48Z,2021,2021-01-01,2021-12-31
9439975,MALARIA_PV_INDIG,COUNTRY,PER,AMR,Americas,YEAR,2021,,,,,,,,,14 490,14490,,,,2024-12-10T17:44:48Z,2021,2021-01-01,2021-12-31
9586471,MALARIA_PV_INDIG,COUNTRY,GTM,AMR,Americas,YEAR,2015,,,,,,,,,5487,5487,,,,2024-12-10T17:44:48Z,2015,2015-01-01,2015-12-31
1141223,MALARIA_PV_INDIG,COUNTRY,IND,SEAR,South-East Asia,YEAR,2023,,,,,,,,,89 619,89619,,,,2024-12-10T17:44:48Z,2023,2023-01-01,2023-12-31
8075030,MALARIA_PV_INDIG,COUNTRY,TKM,EUR,Europe,YEAR,2016,,,,,,,,,0,0,,,,2024-12-10T17:44:48Z,2016,2016-01-01,2016-12-31
9012642,MALARIA_PV_INDIG,REGION,EMR,,,YEAR,2016,,,,,,,,,477 528,477528,,,,2024-12-10T17:44:48Z,2016,2016-01-01,2016-12-31
7149985,MALARIA_PV_INDIG,COUNTRY,VNM,WPR,Western Pacific,YEAR,2015,,,,,,,,,4756,4756,,,,2024-12-10T17:44:48Z,2015,2015-01-01,2015-12-31
5971253,MALARIA_PV_INDIG,COUNTRY,KHM,WPR,Western Pacific,YEAR,2018,,,,,,,,,30 680,30680,,,,2024-12-10T17:44:48Z,2018,2018-01-01,2018-12-31
8101759,MALARIA_PV_INDIG,COUNTRY,PRK,SEAR,South-East Asia,YEAR,2015,,,,,,,,,7022,7022,,,,2024-12-10T17:44:48Z,2015,2015-01-01,2015-12-31
8388279,MALARIA_PV_INDIG,COUNTRY,NPL,SEAR,South-East Asia,YEAR,2022,,,,,,,,,33,33,,,,2024-12-10T17:44:48Z,2022,2022-01-01,2022-12-31
8428414,MALARIA_PV_INDIG,COUNTRY,IDN,SEAR,South-East Asia,YEAR,2018,,,,,,,,,84 862,84862,,,,2024-12-10T17:44:48Z,2018,2018-01-01,2018-12-31
9052820,MALARIA_PV_INDIG,COUNTRY,CHN,WPR,Western Pacific,YEAR,2018,,,,,,,,,0,0,,,,2024-12-10T17:44:48Z,2018,2018-01-01,2018-12-31
2281231,MALARIA_PV_INDIG,COUNTRY,SDN,EMR,Eastern Mediterranean,YEAR,2022,,,,,,,,,124 730,124730,,,,2024-12-10T17:44:48Z,2022,2022-01-01,2022-12-31
5791089,MALARIA_PV_INDIG,COUNTRY,NIC,AMR,Americas,YEAR,2022,,,,,,,,,10 960,10960,,,,2024-12-10T17:44:48Z,2022,2022-01-01,2022-12-31
2875314,MALARIA_PV_INDIG,COUNTRY,NPL,SEAR,South-East Asia,YEAR,2015,,,,,,,,,504,504,,,,2024-12-10T17:44:48Z,2015,2015-01-01,2015-12-31
2955092,MALARIA_PV_INDIG,COUNTRY,IRN,EMR,Eastern Mediterranean,YEAR,2015,,,,,,,,,157,157,,,,2024-12-10T17:44:48Z,2015,2015-01-01,2015-12-31
4771559,MALARIA_PV_INDIG,COUNTRY,GEO,EUR,Europe,YEAR,2019,,,,,,,,,0,0,,,,2024-12-10T17:44:48Z,2019,2019-01-01,2019-12-31
6711330,MALARIA_PV_INDIG,COUNTRY,MYS,WPR,Western Pacific,YEAR,2020,,,,,,,,,0,0,,,,2024-12-10T17:44:48Z,2020,2020-01-01,2020-12-31
6358013,MALARIA_PV_INDIG,COUNTRY,LKA,SEAR,South-East Asia,YEAR,2020,,,,,,,,,0,0,,,,2024-12-10T17:44:48Z,2020,2020-01-01,2020-12-31
6597999,MALARIA_PV_INDIG,COUNTRY,SLV,AMR,Americas,YEAR,2020,,,,,,,,,0,0,,,,2024-12-10T17:44:48Z,2020,2020-01-01,2020-12-31
7695521,MALARIA_PV_INDIG,COUNTRY,ETH,AFR,Africa,YEAR,2021,,,,,,,,,252 589,252589,,,,2024-12-10T17:44:48Z,2021,2021-01-01,2021-12-31
4844967,MALARIA_PV_INDIG,COUNTRY,SLB,WPR,Western Pacific,YEAR,2016,,,,,,,,,33 060,33060,,,,2024-12-10T17:44:48Z,2016,2016-01-01,2016-12-31
8514881,MALARIA_PV_INDIG,COUNTRY,PRK,SEAR,South-East Asia,YEAR,2019,,,,,,,,,1869,1869,,,,2024-12-10T17:44:48Z,2019,2019-01-01,2019-12-31
2201556,MALARIA_PV_INDIG,COUNTRY,TUR,EUR,Europe,YEAR,2017,,,,,,,,,0,0,,,,2024-12-10T17:44:48Z,2017,2017-01-01,2017-12-31
581727,MALARIA_PV_INDIG,COUNTRY,CPV,AFR,Africa,YEAR,2019,,,,,,,,,0,0,,,,2024-12-10T17:44:48Z,2019,2019-01-01,2019-12-31
2688728,MALARIA_PV_INDIG,COUNTRY,LAO,WPR,Western Pacific,YEAR,2016,,,,,,,,,9441,9441,,,,2024-12-10T17:44:48Z,2016,2016-01-01,2016-12-31
7762456,MALARIA_PV_INDIG,COUNTRY,DJI,EMR,Eastern Mediterranean,YEAR,2016,,,,,,,,,2041,2041,,,,2024-12-10T17:44:48Z,2016,2016-01-01,2016-12-31
7256658,MALARIA_PV_INDIG,COUNTRY,MMR,SEAR,South-East Asia,YEAR,2018,,,,,,,,,36 502,36502,,,,2024-12-10T17:44:48Z,2018,2018-01-01,2018-12-31
7463496,MALARIA_PV_INDIG,REGION,SEAR,,,YEAR,2016,,,,,,,,,515 827,515827,,,,2024-12-10T17:44:48Z,2016,2016-01-01,2016-12-31
2501559,MALARIA_PV_INDIG,COUNTRY,ETH,AFR,Africa,YEAR,2019,,,,,,,,,166 340,166340,,,,2024-12-10T17:44:48Z,2019,2019-01-01,2019-12-31
2795491,MALARIA_PV_INDIG,COUNTRY,ARM,EUR,Europe,YEAR,2016,,,,,,,,,0,0,,,,2024-12-10T17:44:48Z,2016,2016-01-01,2016-12-31
4665155,MALARIA_PV_INDIG,COUNTRY,CHN,WPR,Western Pacific,YEAR,2022,,,,,,,,,0,0,,,,2024-12-10T17:44:48Z,2022,2022-01-01,2022-12-31
8621751,MALARIA_PV_INDIG,COUNTRY,HND,AMR,Americas,YEAR,2015,,,,,,,,,2626,2626,,,,2024-12-10T17:44:48Z,2015,2015-01-01,2015-12-31
2315010,MALARIA_PV_INDIG,COUNTRY,TLS,SEAR,South-East Asia,YEAR,2017,,,,,,,,,3,3,,,,2024-12-10T17:44:48Z,2017,2017-01-01,2017-12-31
8694450,MALARIA_PV_INDIG,COUNTRY,IND,SEAR,South-East Asia,YEAR,2019,,,,,,,,,181 514,181514,,,,2024-12-10T17:44:48Z,2019,2019-01-01,2019-12-31
2115515,MALARIA_PV_INDIG,COUNTRY,ETH,AFR,Africa,YEAR,2023,,,,,,,,,904 398,904398,,,,2024-12-10T17:44:48Z,2023,2023-01-01,2023-12-31
1128394,MALARIA_PV_INDIG,COUNTRY,COL,AMR,Americas,YEAR,2015,,,,,,,,,19 002,19002,,,,2024-12-10T17:44:48Z,2015,2015-01-01,2015-12-31
6778487,MALARIA_PV_INDIG,COUNTRY,GEO,EUR,Europe,YEAR,2018,,,,,,,,,0,0,,,,2024-12-10T17:44:48Z,2018,2018-01-01,2018-12-31
8907014,MALARIA_PV_INDIG,COUNTRY,SLB,WPR,Western Pacific,YEAR,2020,,,,,,,,,52 039,52039,,,,2024-12-10T17:44:48Z,2020,2020-01-01,2020-12-31
9153444,MALARIA_PV_INDIG,COUNTRY,MEX,AMR,Americas,YEAR,2018,,,,,,,,,803,803,,,,2024-12-10T17:44:48Z,2018,2018-01-01,2018-12-31
7595880,MALARIA_PV_INDIG,COUNTRY,KHM,WPR,Western Pacific,YEAR,2019,,,,,,,,,26 871,26871,,,,2024-12-10T17:44:48Z,2019,2019-01-01,2019-12-31
841853,MALARIA_PV_INDIG,COUNTRY,TLS,SEAR,South-East Asia,YEAR,2016,,,,,,,,,7,7,,,,2024-12-10T17:44:48Z,2016,2016-01-01,2016-12-31
7802750,MALARIA_PV_INDIG,COUNTRY,PAN,AMR,Americas,YEAR,2020,,,,,,,,,1937,1937,,,,2024-12-10T17:44:48Z,2020,2020-01-01,2020-12-31
3716620,MALARIA_PV_INDIG,REGION,WPR,,,YEAR,2017,,,,,,,,,166 493,166493,,,,2024-12-10T17:44:48Z,2017,2017-01-01,2017-12-31
7423592,MALARIA_PV_INDIG,COUNTRY,MMR,SEAR,South-East Asia,YEAR,2023,,,,,,,,,187 345,187345,,,,2024-12-10T17:44:48Z,2023,2023-01-01,2023-12-31
7902926,MALARIA_PV_INDIG,COUNTRY,NPL,SEAR,South-East Asia,YEAR,2018,,,,,,,,,488,488,,,,2024-12-10T17:44:48Z,2018,2018-01-01,2018-12-31
8428897,MALARIA_PV_INDIG,REGION,WPR,,,YEAR,2020,,,,,,,,,251 755,251755,,,,2024-12-10T17:44:48Z,2020,2020-01-01,2020-12-31
8727333,MALARIA_PV_INDIG,COUNTRY,MEX,AMR,Americas,YEAR,2017,,,,,,,,,736,736,,,,2024-12-10T17:44:48Z,2017,2017-01-01,2017-12-31
9066706,MALARIA_PV_INDIG,COUNTRY,IRN,EMR,Eastern Mediterranean,YEAR,2023,,,,,,,,,1666,1666,,,,2024-12-10T17:44:48Z,2023,2023-01-01,2023-12-31
5911715,MALARIA_PV_INDIG,COUNTRY,TZA,AFR,Africa,YEAR,2023,,,,,,,,,4,4,,,,2024-12-10T17:44:48Z,2023,2023-01-01,2023-12-31
2675712,MALARIA_PV_INDIG,COUNTRY,VUT,WPR,Western Pacific,YEAR,2023,,,,,,,,,2256,2256,,,,2024-12-10T17:44:48Z,2023,2023-01-01,2023-12-31
7070885,MALARIA_PV_INDIG,COUNTRY,TLS,SEAR,South-East Asia,YEAR,2019,,,,,,,,,0,0,,,,2024-12-10T17:44:48Z,2019,2019-01-01,2019-12-31
3823309,MALARIA_PV_INDIG,COUNTRY,THA,SEAR,South-East Asia,YEAR,2016,,,,,,,,,5765,5765,,,,2024-12-10T17:44:48Z,2016,2016-01-01,2016-12-31
7589368,MALARIA_PV_INDIG,COUNTRY,BLZ,AMR,Americas,YEAR,2018,,,,,,,,,2,2,,,,2024-12-10T17:44:48Z,2018,2018-01-01,2018-12-31
7896341,MALARIA_PV_INDIG,COUNTRY,MEX,AMR,Americas,YEAR,2023,,,,,,,,,42,42,,,,2024-12-10T17:44:48Z,2023,2023-01-01,2023-12-31
8933628,MALARIA_PV_INDIG,COUNTRY,VNM,WPR,Western Pacific,YEAR,2019,,,,,,,,,1541,1541,,,,2024-12-10T17:44:48Z,2019,2019-01-01,2019-12-31
7849721,MALARIA_PV_INDIG,COUNTRY,VEN,AMR,Americas,YEAR,2015,,,,,,,,,100 880,100880,,,,2024-12-10T17:44:48Z,2015,2015-01-01,2015-12-31
2435421,MALARIA_PV_INDIG,COUNTRY,NIC,AMR,Americas,YEAR,2016,,,,,,,,,4965,4965,,,,2024-12-10T17:44:48Z,2016,2016-01-01,2016-12-31
7582769,MALARIA_PV_INDIG,COUNTRY,BOL,AMR,Americas,YEAR,2018,,,,,,,,,5342,5342,,,,2024-12-10T17:44:48Z,2018,2018-01-01,2018-12-31
6045204,MALARIA_PV_INDIG,COUNTRY,PER,AMR,Americas,YEAR,2020,,,,,,,,,12 624,12624,,,,2024-12-10T17:44:48Z,2020,2020-01-01,2020-12-31
4545338,MALARIA_PV_INDIG,COUNTRY,CPV,AFR,Africa,YEAR,2020,,,,,,,,,0,0,,,,2024-12-10T17:44:48Z,2020,2020-01-01,2020-12-31
2075715,MALARIA_PV_INDIG,COUNTRY,KOR,WPR,Western Pacific,YEAR,2017,,,,,,,,,436,436,,,,2024-12-10T17:44:48Z,2017,2017-01-01,2017-12-31
9587261,MALARIA_PV_INDIG,COUNTRY,PHL,WPR,Western Pacific,YEAR,2021,,,,,,,,,703,703,,,,2024-12-10T17:44:48Z,2021,2021-01-01,2021-12-31
3343021,MALARIA_PV_INDIG,COUNTRY,MMR,SEAR,South-East Asia,YEAR,2015,,,,,,,,,65 536,65536,,,,2024-12-10T17:44:48Z,2015,2015-01-01,2015-12-31
130946,MALARIA_PV_INDIG,COUNTRY,PAN,AMR,Americas,YEAR,2023,,,,,,,,,9451,9451,,,,2024-12-10T17:44:48Z,2023,2023-01-01,2023-12-31
6072058,MALARIA_PV_INDIG,COUNTRY,NIC,AMR,Americas,YEAR,2018,,,,,,,,,14 553,14553,,,,2024-12-10T17:44:48Z,2018,2018-01-01,2018-12-31
290400,MALARIA_PV_INDIG,COUNTRY,BGD,SEAR,South-East Asia,YEAR,2023,,,,,,,,,7499,7499,,,,2024-12-10T17:44:48Z,2023,2023-01-01,2023-12-31
955683,MALARIA_PV_INDIG,COUNTRY,CPV,AFR,Africa,YEAR,2022,,,,,,,,,0,0,,,,2024-12-10T17:44:48Z,2022,2022-01-01,2022-12-31
8933812,MALARIA_PV_INDIG,COUNTRY,IDN,SEAR,South-East Asia,YEAR,2016,,,,,,,,,81 748,81748,,,,2024-12-10T17:44:48Z,2016,2016-01-01,2016-12-31
1616018,MALARIA_PV_INDIG,COUNTRY,PNG,WPR,Western Pacific,YEAR,2018,,,,,,,,,138 006,138006,,,,2024-12-10T17:44:48Z,2018,2018-01-01,2018-12-31
682009,MALARIA_PV_INDIG,COUNTRY,VNM,WPR,Western Pacific,YEAR,2023,,,,,,,,,195,195,,,,2024-12-10T17:44:48Z,2023,2023-01-01,2023-12-31
6172201,MALARIA_PV_INDIG,REGION,WPR,,,YEAR,2018,,,,,,,,,210 815,210815,,,,2024-12-10T17:44:48Z,2018,2018-01-01,2018-12-31
6732118,MALARIA_PV_INDIG,COUNTRY,ARM,EUR,Europe,YEAR,2017,,,,,,,,,0,0,,,,2024-12-10T17:44:48Z,2017,2017-01-01,2017-12-31
8482373,MALARIA_PV_INDIG,COUNTRY,BOL,AMR,Americas,YEAR,2017,,,,,,,,,4572,4572,,,,2024-12-10T17:44:48Z,2017,2017-01-01,2017-12-31
2015811,MALARIA_PV_INDIG,COUNTRY,GUY,AMR,Americas,YEAR,2019,,,,,,,,,11 838,11838,,,,2024-12-10T17:44:48Z,2019,2019-01-01,2019-12-31
762055,MALARIA_PV_INDIG,COUNTRY,LAO,WPR,Western Pacific,YEAR,2021,,,,,,,,,2536,2536,,,,2024-12-10T17:44:48Z,2021,2021-01-01,2021-12-31
9127129,MALARIA_PV_INDIG,COUNTRY,TKM,EUR,Europe,YEAR,2018,,,,,,,,,0,0,,,,2024-12-10T17:44:48Z,2018,2018-01-01,2018-12-31
9033632,MALARIA_PV_INDIG,COUNTRY,VUT,WPR,Western Pacific,YEAR,2022,,,,,,,,,1102,1102,,,,2024-12-10T17:44:48Z,2022,2022-01-01,2022-12-31
5631634,MALARIA_PV_INDIG,COUNTRY,BGD,SEAR,South-East Asia,YEAR,2022,,,,,,,,,5856,5856,,,,2024-12-10T17:44:48Z,2022,2022-01-01,2022-12-31
1956247,MALARIA_PV_INDIG,COUNTRY,CRI,AMR,Americas,YEAR,2018,,,,,,,,,61,61,,,,2024-12-10T17:44:48Z,2018,2018-01-01,2018-12-31
7270698,MALARIA_PV_INDIG,COUNTRY,NAM,AFR,Africa,YEAR,2019,,,,,,,,,6,6,,,,2024-12-10T17:44:48Z,2019,2019-01-01,2019-12-31
1942956,MALARIA_PV_INDIG,COUNTRY,PAN,AMR,Americas,YEAR,2015,,,,,,,,,546,546,,,,2024-12-10T17:44:48Z,2015,2015-01-01,2015-12-31
5665200,MALARIA_PV_INDIG,COUNTRY,SOM,EMR,Eastern Mediterranean,YEAR,2023,,,,,,,,,161,161,,,,2024-12-10T17:44:48Z,2023,2023-01-01,2023-12-31
1629608,MALARIA_PV_INDIG,COUNTRY,BLZ,AMR,Americas,YEAR,2023,,,,,,,,,0,0,,,,2024-12-10T17:44:48Z,2023,2023-01-01,2023-12-31
98223,MALARIA_PV_INDIG,COUNTRY,VNM,WPR,Western Pacific,YEAR,2021,,,,,,,,,233,233,,,,2024-12-10T17:44:48Z,2021,2021-01-01,2021-12-31
6812513,MALARIA_PV_INDIG,COUNTRY,ETH,AFR,Africa,YEAR,2018,,,,,,,,,102 412,102412,,,,2024-12-10T17:44:48Z,2018,2018-01-01,2018-12-31
6552268,MALARIA_PV_INDIG,COUNTRY,GTM,AMR,Americas,YEAR,2022,,,,,,,,,1824,1824,,,,2024-12-10T17:44:48Z,2022,2022-01-01,2022-12-31
8655556,MALARIA_PV_INDIG,COUNTRY,IND,SEAR,South-East Asia,YEAR,2016,,,,,,,,,375 783,375783,,,,2024-12-10T17:44:48Z,2016,2016-01-01,2016-12-31
1889695,MALARIA_PV_INDIG,COUNTRY,PRY,AMR,Americas,YEAR,2023,,,,,,,,,0,0,,,,2024-12-10T17:44:48Z,2023,2023-01-01,2023-12-31
1055537,MALARIA_PV_INDIG,COUNTRY,PER,AMR,Americas,YEAR,2017,,,,,,,,,42 044,42044,,,,2024-12-10T17:44:48Z,2017,2017-01-01,2017-12-31
6239322,MALARIA_PV_INDIG,COUNTRY,GTM,AMR,Americas,YEAR,2021,,,,,,,,,1273,1273,,,,2024-12-10T17:44:48Z,2021,2021-01-01,2021-12-31
6418991,MALARIA_PV_INDIG,COUNTRY,IRN,EMR,Eastern Mediterranean,YEAR,2017,,,,,,,,,55,55,,,,2024-12-10T17:44:48Z,2017,2017-01-01,2017-12-31
6439033,MALARIA_PV_INDIG,COUNTRY,BOL,AMR,Americas,YEAR,2015,,,,,,,,,6785,6785,,,,2024-12-10T17:44:48Z,2015,2015-01-01,2015-12-31
842564,MALARIA_PV_INDIG,COUNTRY,IDN,SEAR,South-East Asia,YEAR,2020,,,,,,,,,83 743,83743,,,,2024-12-10T17:44:48Z,2020,2020-01-01,2020-12-31
8602820,MALARIA_PV_INDIG,COUNTRY,SLV,AMR,Americas,YEAR,2021,,,,,,,,,0,0,,,,2024-12-10T17:44:48Z,2021,2021-01-01,2021-12-31
1603032,MALARIA_PV_INDIG,REGION,AMR,,,YEAR,2015,,,,,,,,,316 324,316324,,,,2024-12-10T17:44:48Z,2015,2015-01-01,2015-12-31
642532,MALARIA_PV_INDIG,COUNTRY,ERI,AFR,Africa,YEAR,2015,,,,,,,,,4780,4780,,,,2024-12-10T17:44:48Z,2015,2015-01-01,2015-12-31
4966121,MALARIA_PV_INDIG,COUNTRY,IRN,EMR,Eastern Mediterranean,YEAR,2018,,,,,,,,,0,0,,,,2024-12-10T17:44:48Z,2018,2018-01-01,2018-12-31
6899111,MALARIA_PV_INDIG,COUNTRY,PAN,AMR,Americas,YEAR,2018,,,,,,,,,684,684,,,,2024-12-10T17:44:48Z,2018,2018-01-01,2018-12-31
3510240,MALARIA_PV_INDIG,COUNTRY,GUF,AMR,Americas,YEAR,2020,,,,,,,,,137,137,,,,2024-12-10T17:44:48Z,2020,2020-01-01,2020-12-31
3864017,MALARIA_PV_INDIG,COUNTRY,VEN,AMR,Americas,YEAR,2019,,,,,,,,,308 132,308132,,,,2024-12-10T17:44:48Z,2019,2019-01-01,2019-12-31
244749,MALARIA_PV_INDIG,COUNTRY,ARG,AMR,Americas,YEAR,2019,,,,,,,,,0,0,,,,2024-12-10T17:44:48Z,2019,2019-01-01,2019-12-31
3837313,MALARIA_PV_INDIG,COUNTRY,DZA,AFR,Africa,YEAR,2019,,,,,,,,,0,0,,,,2024-12-10T17:44:48Z,2019,2019-01-01,2019-12-31
7311088,MALARIA_PV_INDIG,COUNTRY,ARM,EUR,Europe,YEAR,2015,,,,,,,,,0,0,,,,2024-12-10T17:44:48Z,2015,2015-01-01,2015-12-31
9267649,MALARIA_PV_INDIG,COUNTRY,PRK,SEAR,South-East Asia,YEAR,2021,,,,,,,,,2357,2357,,,,2024-12-10T17:44:48Z,2021,2021-01-01,2021-12-31
4565937,MALARIA_PV_INDIG,COUNTRY,YEM,EMR,Eastern Mediterranean,YEAR,2022,,,,,,,,,4134,4134,,,,2024-12-10T17:44:48Z,2022,2022-01-01,2022-12-31
635901,MALARIA_PV_INDIG,REGION,EUR,,,YEAR,2018,,,,,,,,,0,0,,,,2024-12-10T17:44:48Z,2018,2018-01-01,2018-12-31
4077609,MALARIA_PV_INDIG,COUNTRY,PNG,WPR,Western Pacific,YEAR,2023,,,,,,,,,209 647,209647,,,,2024-12-10T17:44:48Z,2023,2023-01-01,2023-12-31
822611,MALARIA_PV_INDIG,COUNTRY,ECU,AMR,Americas,YEAR,2021,,,,,,,,,1728,1728,,,,2024-12-10T17:44:48Z,2021,2021-01-01,2021-12-31
8076405,MALARIA_PV_INDIG,COUNTRY,TLS,SEAR,South-East Asia,YEAR,2021,,,,,,,,,0,0,,,,2024-12-10T17:44:48Z,2021,2021-01-01,2021-12-31
8143159,MALARIA_PV_INDIG,COUNTRY,BRA,AMR,Americas,YEAR,2018,,,,,,,,,168 552,168552,,,,2024-12-10T17:44:48Z,2018,2018-01-01,2018-12-31
1990122,MALARIA_PV_INDIG,COUNTRY,BTN,SEAR,South-East Asia,YEAR,2022,,,,,,,,,0,0,,,,2024-12-10T17:44:48Z,2022,2022-01-01,2022-12-31
9140911,MALARIA_PV_INDIG,COUNTRY,VEN,AMR,Americas,YEAR,2020,,,,,,,,,151 783,151783,,,,2024-12-10T17:44:48Z,2020,2020-01-01,2020-12-31
4090976,MALARIA_PV_INDIG,COUNTRY,THA,SEAR,South-East Asia,YEAR,2020,,,,,,,,,2892,2892,,,,2024-12-10T17:44:48Z,2020,2020-01-01,2020-12-31
8576301,MALARIA_PV_INDIG,COUNTRY,ARG,AMR,Americas,YEAR,2016,,,,,,,,,0,0,,,,2024-12-10T17:44:48Z,2016,2016-01-01,2016-12-31
6912678,MALARIA_PV_INDIG,REGION,AMR,,,YEAR,2017,,,,,,,,,579 490,579490,,,,2024-12-10T17:44:48Z,2017,2017-01-01,2017-12-31
7344570,MALARIA_PV_INDIG,COUNTRY,CPV,AFR,Africa,YEAR,2023,,,,,,,,,0,0,,,,2024-12-10T17:44:48Z,2023,2023-01-01,2023-12-31
5032919,MALARIA_PV_INDIG,COUNTRY,VNM,WPR,Western Pacific,YEAR,2016,,,,,,,,,1750,1750,,,,2024-12-10T17:44:48Z,2016,2016-01-01,2016-12-31
8063171,MALARIA_PV_INDIG,COUNTRY,DJI,EMR,Eastern Mediterranean,YEAR,2023,,,,,,,,,8620,8620,,,,2024-12-10T17:44:48Z,2023,2023-01-01,2023-12-31
6665936,MALARIA_PV_INDIG,COUNTRY,LAO,WPR,Western Pacific,YEAR,2015,,,,,,,,,20 815,20815,,,,2024-12-10T17:44:48Z,2015,2015-01-01,2015-12-31
3283735,MALARIA_PV_INDIG,COUNTRY,AFG,EMR,Eastern Mediterranean,YEAR,2023,,,,,,,,,171 523,171523,,,,2024-12-10T17:44:48Z,2023,2023-01-01,2023-12-31
8834561,MALARIA_PV_INDIG,COUNTRY,AFG,EMR,Eastern Mediterranean,YEAR,2020,,,,,,,,,102 316,102316,,,,2024-12-10T17:44:48Z,2020,2020-01-01,2020-12-31
7164737,MALARIA_PV_INDIG,COUNTRY,SAU,EMR,Eastern Mediterranean,YEAR,2021,,,,,,,,,0,0,,,,2024-12-10T17:44:48Z,2021,2021-01-01,2021-12-31
6919420,MALARIA_PV_INDIG,COUNTRY,IND,SEAR,South-East Asia,YEAR,2020,,,,,,,,,67 444,67444,,,,2024-12-10T17:44:48Z,2020,2020-01-01,2020-12-31
7663388,MALARIA_PV_INDIG,COUNTRY,DZA,AFR,Africa,YEAR,2015,,,,,,,,,0,0,,,,2024-12-10T17:44:48Z,2015,2015-01-01,2015-12-31
2843353,MALARIA_PV_INDIG,COUNTRY,ECU,AMR,Americas,YEAR,2020,,,,,,,,,1715,1715,,,,2024-12-10T17:44:48Z,2020,2020-01-01,2020-12-31
7650259,MALARIA_PV_INDIG,COUNTRY,AFG,EMR,Eastern Mediterranean,YEAR,2015,,,,,,,,,82 891,82891,,,,2024-12-10T17:44:48Z,2015,2015-01-01,2015-12-31
6472532,MALARIA_PV_INDIG,COUNTRY,COL,AMR,Americas,YEAR,2023,,,,,,,,,66 035,66035,,,,2024-12-10T17:44:48Z,2023,2023-01-01,2023-12-31
6532657,MALARIA_PV_INDIG,COUNTRY,ETH,AFR,Africa,YEAR,2016,,,,,,,,,576 269,576269,,,,2024-12-10T17:44:48Z,2016,2016-01-01,2016-12-31
6546036,MALARIA_PV_INDIG,COUNTRY,BTN,SEAR,South-East Asia,YEAR,2019,,,,,,,,,2,2,,,,2024-12-10T17:44:48Z,2019,2019-01-01,2019-12-31
729491,MALARIA_PV_INDIG,COUNTRY,CRI,AMR,Americas,YEAR,2016,,,,,,,,,4,4,,,,2024-12-10T17:44:48Z,2016,2016-01-01,2016-12-31
1743352,MALARIA_PV_INDIG,COUNTRY,AFG,EMR,Eastern Mediterranean,YEAR,2016,,,,,,,,,132 407,132407,,,,2024-12-10T17:44:48Z,2016,2016-01-01,2016-12-31
6146196,MALARIA_PV_INDIG,COUNTRY,PER,AMR,Americas,YEAR,2016,,,,,,,,,41 287,41287,,,,2024-12-10T17:44:48Z,2016,2016-01-01,2016-12-31
6206343,MALARIA_PV_INDIG,COUNTRY,KHM,WPR,Western Pacific,YEAR,2015,,,,,,,,,13 146,13146,,,,2024-12-10T17:44:48Z,2015,2015-01-01,2015-12-31
5373151,MALARIA_PV_INDIG,COUNTRY,TJK,EUR,Europe,YEAR,2019,,,,,,,,,0,0,,,,2024-12-10T17:44:48Z,2019,2019-01-01,2019-12-31
6052858,MALARIA_PV_INDIG,COUNTRY,BLZ,AMR,Americas,YEAR,2020,,,,,,,,,0,0,,,,2024-12-10T17:44:48Z,2020,2020-01-01,2020-12-31
6099660,MALARIA_PV_INDIG,COUNTRY,GTM,AMR,Americas,YEAR,2019,,,,,,,,,2069,2069,,,,2024-12-10T17:44:48Z,2019,2019-01-01,2019-12-31
1610140,MALARIA_PV_INDIG,COUNTRY,NPL,SEAR,South-East Asia,YEAR,2019,,,,,,,,,118,118,,,,2024-12-10T17:44:48Z,2019,2019-01-01,2019-12-31
3724414,MALARIA_PV_INDIG,COUNTRY,BRA,AMR,Americas,YEAR,2023,,,,,,,,,115 785,115785,,,,2024-12-10T17:44:48Z,2023,2023-01-01,2023-12-31
2696869,MALARIA_PV_INDIG,COUNTRY,PAN,AMR,Americas,YEAR,2022,,,,,,,,,4714,4714,,,,2024-12-10T17:44:48Z,2022,2022-01-01,2022-12-31
8676090,MALARIA_PV_INDIG,COUNTRY,VEN,AMR,Americas,YEAR,2016,,,,,,,,,179 554,179554,,,,2024-12-10T17:44:48Z,2016,2016-01-01,2016-12-31
7344838,MALARIA_PV_INDIG,COUNTRY,THA,SEAR,South-East Asia,YEAR,2021,,,,,,,,,2313,2313,,,,2024-12-10T17:44:48Z,2021,2021-01-01,2021-12-31
863109,MALARIA_PV_INDIG,COUNTRY,ARG,AMR,Americas,YEAR,2020,,,,,,,,,0,0,,,,2024-12-10T17:44:48Z,2020,2020-01-01,2020-12-31
1836990,MALARIA_PV_INDIG,COUNTRY,VNM,WPR,Western Pacific,YEAR,2020,,,,,,,,,573,573,,,,2024-12-10T17:44:48Z,2020,2020-01-01,2020-12-31
2309656,MALARIA_PV_INDIG,COUNTRY,THA,SEAR,South-East Asia,YEAR,2022,,,,,,,,,6012,6012,,,,2024-12-10T17:44:48Z,2022,2022-01-01,2022-12-31
8821439,MALARIA_PV_INDIG,COUNTRY,AZE,EUR,Europe,YEAR,2016,,,,,,,,,0,0,,,,2024-12-10T17:44:48Z,2016,2016-01-01,2016-12-31
1203241,MALARIA_PV_INDIG,COUNTRY,SLV,AMR,Americas,YEAR,2017,,,,,,,,,0,0,,,,2024-12-10T17:44:48Z,2017,2017-01-01,2017-12-31
1690242,MALARIA_PV_INDIG,REGION,EMR,,,YEAR,2020,,,,,,,,,594 277,594277,,,,2024-12-10T17:44:48Z,2020,2020-01-01,2020-12-31
3624342,MALARIA_PV_INDIG,COUNTRY,TJK,EUR,Europe,YEAR,2022,,,,,,,,,0,0,,,,2024-12-10T17:44:48Z,2022,2022-01-01,2022-12-31
5413058,MALARIA_PV_INDIG,COUNTRY,CRI,AMR,Americas,YEAR,2022,,,,,,,,,27,27,,,,2024-12-10T17:44:48Z,2022,2022-01-01,2022-12-31
5866260,MALARIA_PV_INDIG,COUNTRY,KGZ,EUR,Europe,YEAR,2020,,,,,,,,,0,0,,,,2024-12-10T17:44:48Z,2020,2020-01-01,2020-12-31
3711247,MALARIA_PV_INDIG,COUNTRY,SUR,AMR,Americas,YEAR,2021,,,,,,,,,22,22,,,,2024-12-10T17:44:48Z,2021,2021-01-01,2021-12-31
7943859,MALARIA_PV_INDIG,COUNTRY,PHL,WPR,Western Pacific,YEAR,2022,,,,,,,,,523,523,,,,2024-12-10T17:44:48Z,2022,2022-01-01,2022-12-31
8083553,MALARIA_PV_INDIG,REGION,SEAR,,,YEAR,2020,,,,,,,,,200 811,200811,,,,2024-12-10T17:44:48Z,2020,2020-01-01,2020-12-31
6646348,MALARIA_PV_INDIG,COUNTRY,SDN,EMR,Eastern Mediterranean,YEAR,2018,,,,,,,,,143 314,143314,,,,2024-12-10T17:44:48Z,2018,2018-01-01,2018-12-31
8383417,MALARIA_PV_INDIG,COUNTRY,AFG,EMR,Eastern Mediterranean,YEAR,2019,,,,,,,,,170 747,170747,,,,2024-12-10T17:44:48Z,2019,2019-01-01,2019-12-31
1637099,MALARIA_PV_INDIG,COUNTRY,IRN,EMR,Eastern Mediterranean,YEAR,2021,,,,,,,,,0,0,,,,2024-12-10T17:44:48Z,2021,2021-01-01,2021-12-31
7204927,MALARIA_PV_INDIG,COUNTRY,AZE,EUR,Europe,YEAR,2018,,,,,,,,,0,0,,,,2024-12-10T17:44:48Z,2018,2018-01-01,2018-12-31
2429944,MALARIA_PV_INDIG,COUNTRY,MYS,WPR,Western Pacific,YEAR,2018,,,,,,,,,0,0,,,,2024-12-10T17:44:48Z,2018,2018-01-01,2018-12-31
5020027,MALARIA_PV_INDIG,COUNTRY,LKA,SEAR,South-East Asia,YEAR,2016,,,,,,,,,0,0,,,,2024-12-10T17:44:48Z,2016,2016-01-01,2016-12-31
2283099,MALARIA_PV_INDIG,COUNTRY,LAO,WPR,Western Pacific,YEAR,2017,,,,,,,,,4104,4104,,,,2024-12-10T17:44:48Z,2017,2017-01-01,2017-12-31
4373731,MALARIA_PV_INDIG,COUNTRY,TLS,SEAR,South-East Asia,YEAR,2022,,,,,,,,,0,0,,,,2024-12-10T17:44:48Z,2022,2022-01-01,2022-12-31
4913502,MALARIA_PV_INDIG,COUNTRY,GUF,AMR,Americas,YEAR,2023,,,,,,,,,182,182,,,,2024-12-10T17:44:48Z,2023,2023-01-01,2023-12-31
1703779,MALARIA_PV_INDIG,COUNTRY,TKM,EUR,Europe,YEAR,2017,,,,,,,,,0,0,,,,2024-12-10T17:44:48Z,2017,2017-01-01,2017-12-31
1950571,MALARIA_PV_INDIG,COUNTRY,GUY,AMR,Americas,YEAR,2016,,,,,,,,,6081,6081,,,,2024-12-10T17:44:48Z,2016,2016-01-01,2016-12-31
3931546,MALARIA_PV_INDIG,COUNTRY,YEM,EMR,Eastern Mediterranean,YEAR,2018,,,,,,,,,970,970,,,,2024-12-10T17:44:48Z,2018,2018-01-01,2018-12-31
3184038,MALARIA_PV_INDIG,COUNTRY,BTN,SEAR,South-East Asia,YEAR,2023,,,,,,,,,0,0,,,,2024-12-10T17:44:48Z,2023,2023-01-01,2023-12-31
2309921,MALARIA_PV_INDIG,COUNTRY,ECU,AMR,Americas,YEAR,2015,,,,,,,,,418,418,,,,2024-12-10T17:44:48Z,2015,2015-01-01,2015-12-31
4400528,MALARIA_PV_INDIG,COUNTRY,KOR,WPR,Western Pacific,YEAR,2019,,,,,,,,,485,485,,,,2024-12-10T17:44:48Z,2019,2019-01-01,2019-12-31
3037174,MALARIA_PV_INDIG,COUNTRY,ERI,AFR,Africa,YEAR,2016,,,,,,,,,2999,2999,,,,2024-12-10T17:44:48Z,2016,2016-01-01,2016-12-31
